{
  "total_dependencies": 224,
  "frequencies": {
    "nk": 16.964285714285715,
    "sb": 10.267857142857142,
    "ROOT": 6.25,
    "mo": 18.75,
    "oa": 6.696428571428571,
    "punct": 16.517857142857142,
    "cd": 3.125,
    "cj": 4.910714285714286,
    "re": 0.8928571428571428,
    "pnc": 0.4464285714285714,
    "da": 2.232142857142857,
    "oc": 3.125,
    "rc": 0.4464285714285714,
    "pd": 1.3392857142857142,
    "ep": 0.4464285714285714,
    "pm": 0.8928571428571428,
    "dm": 0.8928571428571428,
    "cm": 0.4464285714285714,
    "mnr": 0.8928571428571428,
    "cp": 2.232142857142857,
    "ams": 0.4464285714285714,
    "ng": 0.8928571428571428,
    "dep": 0.4464285714285714,
    "rs": 0.4464285714285714
  }
}