{
  "total_dependencies": 122,
  "frequencies": {
    "det": 13.114754098360656,
    "nsubj": 5.737704918032787,
    "acl": 0.819672131147541,
    "case": 10.655737704918032,
    "obj": 6.557377049180328,
    "xcomp": 3.278688524590164,
    "obl": 4.918032786885246,
    "ROOT": 3.278688524590164,
    "amod": 3.278688524590164,
    "punct": 13.114754098360656,
    "mark": 6.557377049180328,
    "cop": 2.459016393442623,
    "advcl": 4.918032786885246,
    "advmod": 7.377049180327869,
    "iobj": 1.639344262295082,
    "aux": 1.639344262295082,
    "ccomp": 2.459016393442623,
    "cc": 2.459016393442623,
    "conj": 1.639344262295082,
    "nmod": 1.639344262295082,
    "dep": 0.819672131147541,
    "fixed": 1.639344262295082
  }
}