{
  "total_dependencies": 367,
  "frequencies": {
    "advmod": 7.3569482288828345,
    "ROOT": 6.811989100817439,
    "det": 8.174386920980927,
    "amod": 2.997275204359673,
    "nsubj": 10.626702997275205,
    "obj": 4.087193460490464,
    "acl:relcl": 0.544959128065395,
    "mark": 7.629427792915531,
    "xcomp": 3.8147138964577656,
    "cc": 4.35967302452316,
    "conj": 4.35967302452316,
    "ccomp": 1.3623978201634876,
    "cop": 1.9073569482288828,
    "punct": 8.991825613079019,
    "case": 7.3569482288828345,
    "obl": 5.722070844686648,
    "advcl": 2.7247956403269753,
    "nmod:poss": 2.452316076294278,
    "nmod": 1.9073569482288828,
    "aux": 0.8174386920980926,
    "compound:prt": 2.17983651226158,
    "fixed": 1.3623978201634876,
    "expl": 0.2724795640326975,
    "parataxis": 0.544959128065395,
    "appos": 0.2724795640326975,
    "acl": 0.2724795640326975,
    "nsubj:pass": 0.544959128065395,
    "aux:pass": 0.2724795640326975,
    "obl:agent": 0.2724795640326975
  }
}