{
  "total_dependencies": 407,
  "frequencies": {
    "nk": 23.832923832923832,
    "sb": 7.862407862407863,
    "ROOT": 4.668304668304668,
    "punct": 12.039312039312039,
    "oa": 6.87960687960688,
    "mo": 19.41031941031941,
    "oc": 4.176904176904177,
    "cd": 4.176904176904177,
    "cj": 5.896805896805897,
    "cp": 1.71990171990172,
    "ag": 0.9828009828009828,
    "ng": 0.9828009828009828,
    "pm": 0.9828009828009828,
    "rc": 1.2285012285012284,
    "da": 1.2285012285012284,
    "ju": 0.4914004914004914,
    "cm": 0.7371007371007371,
    "cc": 0.7371007371007371,
    "mnr": 0.7371007371007371,
    "pd": 0.4914004914004914,
    "svp": 0.2457002457002457,
    "par": 0.2457002457002457,
    "op": 0.2457002457002457
  }
}