{
  "total_dependencies": 228,
  "frequencies": {
    "punct": 11.403508771929824,
    "compound": 7.017543859649122,
    "nsubj": 9.649122807017543,
    "advmod": 5.701754385964912,
    "ROOT": 5.701754385964912,
    "aux": 5.263157894736842,
    "xcomp": 2.631578947368421,
    "det": 7.456140350877193,
    "dobj": 5.701754385964912,
    "prep": 9.210526315789473,
    "pobj": 8.333333333333332,
    "nsubjpass": 0.8771929824561403,
    "auxpass": 0.8771929824561403,
    "relcl": 1.3157894736842104,
    "amod": 3.9473684210526314,
    "poss": 1.3157894736842104,
    "cc": 1.7543859649122806,
    "conj": 2.1929824561403506,
    "dative": 0.43859649122807015,
    "mark": 1.7543859649122806,
    "advcl": 1.3157894736842104,
    "neg": 0.8771929824561403,
    "ccomp": 1.3157894736842104,
    "intj": 0.43859649122807015,
    "acomp": 1.7543859649122806,
    "attr": 0.8771929824561403,
    "nmod": 0.43859649122807015,
    "npadvmod": 0.43859649122807015
  }
}