{
  "total_dependencies": 232,
  "frequencies": {
    "det": 11.206896551724139,
    "nsubj": 5.172413793103448,
    "case": 9.051724137931034,
    "nmod": 3.0172413793103448,
    "cop": 0.8620689655172413,
    "ROOT": 4.741379310344827,
    "acl": 1.293103448275862,
    "obl": 2.586206896551724,
    "punct": 18.103448275862068,
    "amod": 1.7241379310344827,
    "obj": 8.189655172413794,
    "mark": 5.603448275862069,
    "advmod": 4.741379310344827,
    "aux": 0.43103448275862066,
    "advcl": 5.172413793103448,
    "cc": 4.310344827586207,
    "conj": 6.4655172413793105,
    "fixed": 2.1551724137931036,
    "expl:pv": 1.7241379310344827,
    "iobj": 0.8620689655172413,
    "xcomp": 2.1551724137931036,
    "flat": 0.43103448275862066
  }
}