{
  "total_dependencies": 375,
  "frequencies": {
    "nsubj": 9.6,
    "ROOT": 5.333333333333334,
    "case": 9.333333333333334,
    "obl": 8.266666666666666,
    "det": 10.666666666666668,
    "punct": 8.799999999999999,
    "acl:relcl": 1.3333333333333335,
    "cc": 5.6000000000000005,
    "conj": 6.133333333333333,
    "advmod": 8.266666666666666,
    "xcomp": 1.6,
    "obj": 3.4666666666666663,
    "nmod": 2.1333333333333333,
    "advcl": 2.666666666666667,
    "amod": 4.8,
    "mark": 5.066666666666666,
    "expl": 0.26666666666666666,
    "cop": 0.8,
    "csubj": 0.26666666666666666,
    "nmod:poss": 1.3333333333333335,
    "ccomp": 0.5333333333333333,
    "aux": 1.0666666666666667,
    "compound:prt": 1.6,
    "flat": 0.26666666666666666,
    "expl:pv": 0.26666666666666666,
    "fixed": 0.26666666666666666,
    "acl": 0.26666666666666666
  }
}