{
  "total_dependencies": 56,
  "frequencies": {
    "advcl": 5.357142857142857,
    "agent": 1.7857142857142856,
    "pobj": 5.357142857142857,
    "punct": 14.285714285714285,
    "nsubj": 10.714285714285714,
    "ROOT": 7.142857142857142,
    "aux": 7.142857142857142,
    "xcomp": 3.571428571428571,
    "det": 8.928571428571429,
    "dobj": 5.357142857142857,
    "acl": 1.7857142857142856,
    "advmod": 7.142857142857142,
    "prep": 3.571428571428571,
    "mark": 3.571428571428571,
    "poss": 1.7857142857142856,
    "neg": 5.357142857142857,
    "compound": 1.7857142857142856,
    "npadvmod": 1.7857142857142856,
    "acomp": 1.7857142857142856,
    "amod": 1.7857142857142856
  }
}