{
  "total_dependencies": 184,
  "frequencies": {
    "case": 7.608695652173914,
    "det": 12.5,
    "obl": 5.434782608695652,
    "ROOT": 7.065217391304348,
    "nsubj": 10.326086956521738,
    "amod": 2.717391304347826,
    "obj": 3.260869565217391,
    "nmod": 3.804347826086957,
    "xcomp": 3.260869565217391,
    "punct": 9.782608695652174,
    "mark": 5.434782608695652,
    "advmod": 14.130434782608695,
    "parataxis": 0.5434782608695652,
    "cop": 1.6304347826086956,
    "expl": 0.5434782608695652,
    "advcl": 1.6304347826086956,
    "aux": 1.0869565217391304,
    "csubj": 0.5434782608695652,
    "compound:prt": 1.6304347826086956,
    "acl": 0.5434782608695652,
    "cc": 2.717391304347826,
    "conj": 2.717391304347826,
    "acl:relcl": 0.5434782608695652,
    "nmod:poss": 0.5434782608695652
  }
}