{
  "total_dependencies": 109,
  "frequencies": {
    "punct": 11.009174311926607,
    "nsubj": 9.174311926605505,
    "ROOT": 5.5045871559633035,
    "det": 7.339449541284404,
    "dobj": 7.339449541284404,
    "auxpass": 2.7522935779816518,
    "relcl": 1.834862385321101,
    "prep": 7.339449541284404,
    "poss": 5.5045871559633035,
    "pobj": 8.256880733944955,
    "ccomp": 0.9174311926605505,
    "acomp": 0.9174311926605505,
    "advmod": 4.587155963302752,
    "xcomp": 1.834862385321101,
    "nsubjpass": 1.834862385321101,
    "aux": 2.7522935779816518,
    "amod": 6.422018348623854,
    "mark": 0.9174311926605505,
    "advcl": 3.669724770642202,
    "cc": 2.7522935779816518,
    "conj": 1.834862385321101,
    "agent": 0.9174311926605505,
    "case": 1.834862385321101,
    "prt": 0.9174311926605505,
    "npadvmod": 0.9174311926605505,
    "nmod": 0.9174311926605505
  }
}