{
  "total_dependencies": 173,
  "frequencies": {
    "nsubj": 12.138728323699421,
    "aux": 5.202312138728324,
    "advmod": 9.248554913294797,
    "det": 4.624277456647398,
    "obj": 7.514450867052023,
    "ROOT": 8.092485549132949,
    "cc": 2.8901734104046244,
    "amod": 3.4682080924855487,
    "case": 6.9364161849710975,
    "nmod:poss": 3.4682080924855487,
    "obl": 5.780346820809249,
    "conj": 2.8901734104046244,
    "xcomp": 1.1560693641618496,
    "punct": 11.560693641618498,
    "cop": 1.7341040462427744,
    "expl": 0.5780346820809248,
    "mark": 4.624277456647398,
    "advcl": 2.312138728323699,
    "parataxis": 1.1560693641618496,
    "compound:prt": 1.1560693641618496,
    "nmod": 0.5780346820809248,
    "ccomp": 1.1560693641618496,
    "aux:pass": 0.5780346820809248,
    "flat": 0.5780346820809248,
    "expl:pv": 0.5780346820809248
  }
}