{
  "total_dependencies": 136,
  "frequencies": {
    "nk": 25.735294117647058,
    "sb": 8.823529411764707,
    "ROOT": 5.147058823529411,
    "mo": 15.441176470588236,
    "punct": 12.5,
    "oc": 5.147058823529411,
    "cd": 3.6764705882352944,
    "cj": 5.147058823529411,
    "oa": 7.352941176470589,
    "da": 4.411764705882353,
    "pd": 1.4705882352941175,
    "ng": 0.7352941176470588,
    "mnr": 0.7352941176470588,
    "ag": 1.4705882352941175,
    "rc": 0.7352941176470588,
    "svp": 0.7352941176470588,
    "cp": 0.7352941176470588
  }
}