{
  "total_dependencies": 86,
  "frequencies": {
    "mark": 3.488372093023256,
    "nsubj": 10.465116279069768,
    "aux": 3.488372093023256,
    "advcl": 2.3255813953488373,
    "punct": 12.790697674418606,
    "ROOT": 5.813953488372093,
    "prep": 9.30232558139535,
    "poss": 4.651162790697675,
    "amod": 3.488372093023256,
    "pobj": 9.30232558139535,
    "det": 5.813953488372093,
    "cc": 2.3255813953488373,
    "conj": 2.3255813953488373,
    "prt": 1.1627906976744187,
    "predet": 2.3255813953488373,
    "dobj": 4.651162790697675,
    "nsubjpass": 1.1627906976744187,
    "appos": 1.1627906976744187,
    "auxpass": 1.1627906976744187,
    "acl": 1.1627906976744187,
    "agent": 1.1627906976744187,
    "nmod": 1.1627906976744187,
    "ccomp": 2.3255813953488373,
    "neg": 1.1627906976744187,
    "acomp": 2.3255813953488373,
    "pcomp": 1.1627906976744187,
    "advmod": 2.3255813953488373
  }
}