{
  "total_dependencies": 147,
  "frequencies": {
    "det": 10.204081632653061,
    "nsubj": 5.442176870748299,
    "obj": 10.204081632653061,
    "ROOT": 3.4013605442176873,
    "mark": 8.843537414965986,
    "xcomp": 0.6802721088435374,
    "case": 6.802721088435375,
    "obl": 3.4013605442176873,
    "nmod": 2.7210884353741496,
    "amod": 0.6802721088435374,
    "punct": 15.646258503401361,
    "expl:pv": 0.6802721088435374,
    "cc": 4.761904761904762,
    "conj": 4.761904761904762,
    "cop": 0.6802721088435374,
    "advmod": 4.081632653061225,
    "fixed": 2.7210884353741496,
    "iobj": 2.7210884353741496,
    "ccomp": 2.7210884353741496,
    "advcl": 4.081632653061225,
    "aux": 2.7210884353741496,
    "acl": 1.3605442176870748,
    "appos": 0.6802721088435374
  }
}