{
  "total_dependencies": 186,
  "frequencies": {
    "nk": 21.50537634408602,
    "sb": 9.13978494623656,
    "ROOT": 6.989247311827956,
    "mo": 12.365591397849462,
    "oa": 8.064516129032258,
    "oc": 3.225806451612903,
    "ng": 0.5376344086021506,
    "punct": 14.516129032258066,
    "cj": 4.838709677419355,
    "da": 2.1505376344086025,
    "ju": 0.5376344086021506,
    "cp": 3.763440860215054,
    "pm": 0.5376344086021506,
    "mnr": 3.225806451612903,
    "cd": 3.225806451612903,
    "ep": 0.5376344086021506,
    "pd": 0.5376344086021506,
    "cm": 0.5376344086021506,
    "cc": 0.5376344086021506,
    "ag": 1.6129032258064515,
    "re": 0.5376344086021506,
    "svp": 0.5376344086021506,
    "app": 0.5376344086021506
  }
}