{
  "total_dependencies": 171,
  "frequencies": {
    "det": 13.450292397660817,
    "nsubj": 3.508771929824561,
    "expl:pv": 2.923976608187134,
    "ROOT": 4.093567251461988,
    "case": 9.35672514619883,
    "obl": 7.017543859649122,
    "cc": 3.508771929824561,
    "obj": 6.432748538011696,
    "advcl": 7.017543859649122,
    "cop": 1.1695906432748537,
    "advmod": 5.847953216374268,
    "conj": 2.923976608187134,
    "mark": 8.771929824561402,
    "punct": 13.450292397660817,
    "ccomp": 1.7543859649122806,
    "expl:impers": 0.5847953216374269,
    "xcomp": 2.923976608187134,
    "nmod": 2.3391812865497075,
    "amod": 1.7543859649122806,
    "aux": 0.5847953216374269,
    "appos": 0.5847953216374269
  }
}