{
  "total_dependencies": 189,
  "frequencies": {
    "nsubj": 10.052910052910052,
    "ROOT": 7.936507936507936,
    "case": 10.052910052910052,
    "det": 5.291005291005291,
    "obl": 7.4074074074074066,
    "nmod": 2.6455026455026456,
    "punct": 9.523809523809524,
    "appos": 0.5291005291005291,
    "amod": 3.7037037037037033,
    "conj": 4.761904761904762,
    "mark": 4.232804232804233,
    "obj": 5.291005291005291,
    "advmod": 11.11111111111111,
    "xcomp": 1.5873015873015872,
    "cc": 4.232804232804233,
    "acl": 1.0582010582010581,
    "advcl": 2.1164021164021163,
    "nmod:poss": 3.7037037037037033,
    "flat": 0.5291005291005291,
    "compound:prt": 1.5873015873015872,
    "aux": 1.0582010582010581,
    "ccomp": 1.0582010582010581,
    "cop": 0.5291005291005291
  }
}