{
  "total_dependencies": 108,
  "frequencies": {
    "nsubj": 9.25925925925926,
    "aux": 2.7777777777777777,
    "advmod": 5.555555555555555,
    "ROOT": 5.555555555555555,
    "prt": 1.8518518518518516,
    "det": 8.333333333333332,
    "cc": 3.7037037037037033,
    "conj": 4.62962962962963,
    "ccomp": 3.7037037037037033,
    "prep": 7.4074074074074066,
    "poss": 4.62962962962963,
    "amod": 6.481481481481481,
    "pobj": 6.481481481481481,
    "punct": 12.962962962962962,
    "dobj": 5.555555555555555,
    "mark": 1.8518518518518516,
    "acomp": 1.8518518518518516,
    "pcomp": 0.9259259259259258,
    "npadvmod": 1.8518518518518516,
    "compound": 1.8518518518518516,
    "neg": 0.9259259259259258,
    "advcl": 0.9259259259259258,
    "csubj": 0.9259259259259258
  }
}