{
  "fable_id": "3",
  "languages": [
    "grc",
    "nl",
    "de",
    "en",
    "",
    "es"
  ],
  "title": {
    "grc": "Λύκος καὶ ἐρωδιός",
    "nl": "De Vos en de druiven",
    "de": "Der Fuchs und die Trauben",
    "en": "The Fox and the Grapes",
    "": "The Fox and the Grapes",
    "es": "La zorra y las uvas"
  },
  "token_counts": {
    "grc": 63,
    "nl": 189,
    "de": 268,
    "en": 0,
    "": 0,
    "es": 36
  },
  "sentence_counts": {
    "grc": 5,
    "nl": 13,
    "de": 17,
    "en": 0,
    "": 0,
    "es": 2
  },
  "entity_counts": {
    "grc": 0,
    "nl": 1,
    "de": 0,
    "en": 0,
    "": 0,
    "es": 2
  },
  "pos_distribution": {
    "grc": {
      "NOUN": 22.22222222222222,
      "VERB": 28.57142857142857,
      "DET": 12.698412698412698,
      "PRON": 7.936507936507936,
      "PUNCT": 11.11111111111111,
      "ADV": 6.349206349206349,
      "ADP": 6.349206349206349,
      "CCONJ": 3.1746031746031744,
      "ADJ": 1.5873015873015872
    },
    "nl": {
      "ADP": 10.582010582010582,
      "DET": 12.698412698412698,
      "NOUN": 13.756613756613756,
      "VERB": 13.227513227513226,
      "ADJ": 6.878306878306878,
      "ADV": 12.698412698412698,
      "PUNCT": 10.582010582010582,
      "CCONJ": 4.232804232804233,
      "PRON": 10.582010582010582,
      "AUX": 3.1746031746031744,
      "SCONJ": 1.5873015873015872
    },
    "de": {
      "DET": 13.432835820895523,
      "NOUN": 15.671641791044777,
      "CCONJ": 4.477611940298507,
      "VERB": 13.432835820895523,
      "ADP": 7.835820895522389,
      "ADV": 12.686567164179104,
      "PUNCT": 15.671641791044777,
      "PRON": 9.328358208955224,
      "ADJ": 2.9850746268656714,
      "AUX": 1.8656716417910446,
      "PART": 1.8656716417910446,
      "SCONJ": 0.3731343283582089,
      "PROPN": 0.3731343283582089
    },
    "es": {
      "DET": 11.11111111111111,
      "NOUN": 11.11111111111111,
      "PUNCT": 25.0,
      "ADP": 11.11111111111111,
      "VERB": 19.444444444444446,
      "PRON": 11.11111111111111,
      "CCONJ": 2.7777777777777777,
      "ADV": 2.7777777777777777,
      "AUX": 2.7777777777777777,
      "ADJ": 2.7777777777777777
    }
  },
  "has_moral": {
    "grc": true,
    "nl": true,
    "de": false,
    "en": true,
    "": true,
    "es": true
  },
  "moral_length": {
    "grc": 15,
    "nl": 13,
    "en": 23,
    "": 23,
    "es": 16
  }
}