{
  "fable_id": "6",
  "languages": [
    "grc",
    "nl",
    "de",
    "es"
  ],
  "title": {
    "grc": "Κώνωψ καὶ λέων",
    "nl": "De Leeuw en de Mug",
    "de": "Der Löwe und die Mücke",
    "es": "El mosquito y el león"
  },
  "token_counts": {
    "grc": 115,
    "nl": 202,
    "de": 186,
    "es": 171
  },
  "sentence_counts": {
    "grc": 7,
    "nl": 15,
    "de": 7,
    "es": 7
  },
  "entity_counts": {
    "grc": 0,
    "nl": 5,
    "de": 0,
    "es": 4
  },
  "pos_distribution": {
    "grc": {
      "NOUN": 16.52173913043478,
      "ADP": 4.3478260869565215,
      "VERB": 18.26086956521739,
      "CCONJ": 6.956521739130435,
      "PRON": 6.086956521739131,
      "PUNCT": 14.782608695652174,
      "ADJ": 11.304347826086957,
      "AUX": 1.7391304347826086,
      "SCONJ": 3.4782608695652173,
      "ADV": 3.4782608695652173,
      "DET": 10.434782608695652,
      "PART": 2.608695652173913
    },
    "nl": {
      "DET": 10.396039603960396,
      "PROPN": 3.9603960396039604,
      "VERB": 12.376237623762377,
      "ADP": 10.891089108910892,
      "NOUN": 13.366336633663368,
      "PUNCT": 9.405940594059405,
      "ADV": 10.396039603960396,
      "ADJ": 6.9306930693069315,
      "CCONJ": 4.455445544554455,
      "PRON": 13.366336633663368,
      "SCONJ": 1.9801980198019802,
      "AUX": 2.4752475247524752
    },
    "de": {
      "": 100.0
    },
    "es": {
      "DET": 13.450292397660817,
      "NOUN": 15.789473684210526,
      "PRON": 8.187134502923977,
      "VERB": 15.789473684210526,
      "ADP": 13.450292397660817,
      "CCONJ": 4.678362573099415,
      "ADJ": 3.508771929824561,
      "AUX": 1.7543859649122806,
      "ADV": 4.678362573099415,
      "SCONJ": 4.678362573099415,
      "PUNCT": 13.450292397660817,
      "PROPN": 0.5847953216374269
    }
  },
  "has_moral": {
    "grc": false,
    "nl": true,
    "de": false,
    "es": false
  },
  "moral_length": {
    "nl": 9
  }
}