{
  "fable_id": "4",
  "languages": [
    "grc",
    "nl",
    "de",
    "en",
    "es"
  ],
  "basic_metrics": {
    "title": {
      "grc": "Λύκος καὶ ἐρωδιός",
      "nl": "Wolf en Kraanvogel",
      "de": "Der Wolf und Der Kranich",
      "en": "Wolf and Crane",
      "es": "El Lobo y la garza"
    },
    "token_counts": {
      "grc": 62,
      "nl": 173,
      "de": 100,
      "en": 109,
      "es": 94
    },
    "word_counts": {
      "grc": 55,
      "nl": 152,
      "de": 85,
      "en": 99,
      "es": 81
    },
    "character_counts": {
      "grc": 299,
      "nl": 699,
      "de": 451,
      "en": 463,
      "es": 344
    },
    "sentence_counts": {
      "grc": 5,
      "nl": 14,
      "de": 9,
      "en": 6,
      "es": 4
    },
    "entity_counts": {
      "grc": 0,
      "nl": 3,
      "de": 7,
      "en": 2,
      "es": 7
    },
    "avg_sentence_length": {
      "grc": 11.0,
      "nl": 10.857142857142858,
      "de": 9.444444444444445,
      "en": 16.5,
      "es": 20.25
    }
  },
  "content": {
    "pos_distribution": {
      "grc": {
        "NOUN": 20.967741935483872,
        "VERB": 27.419354838709676,
        "DET": 12.903225806451612,
        "PRON": 8.064516129032258,
        "PUNCT": 11.29032258064516,
        "ADV": 8.064516129032258,
        "ADP": 6.451612903225806,
        "CCONJ": 3.225806451612903,
        "ADJ": 1.6129032258064515
      },
      "nl": {
        "PROPN": 6.358381502890173,
        "AUX": 6.358381502890173,
        "ADV": 6.358381502890173,
        "ADJ": 8.092485549132949,
        "DET": 5.202312138728324,
        "NOUN": 9.248554913294797,
        "VERB": 15.028901734104046,
        "CCONJ": 3.4682080924855487,
        "ADP": 8.092485549132949,
        "PRON": 15.028901734104046,
        "PUNCT": 12.716763005780345,
        "SCONJ": 3.4682080924855487,
        "SYM": 0.5780346820809248
      },
      "de": {
        "DET": 14.000000000000002,
        "NOUN": 18.0,
        "AUX": 3.0,
        "VERB": 11.0,
        "CCONJ": 3.0,
        "PRON": 13.0,
        "ADV": 9.0,
        "PUNCT": 15.0,
        "SCONJ": 3.0,
        "ADP": 7.000000000000001,
        "ADJ": 2.0,
        "PROPN": 1.0,
        "PART": 1.0
      },
      "en": {
        "PUNCT": 11.009174311926607,
        "PROPN": 8.256880733944955,
        "VERB": 14.678899082568808,
        "DET": 7.339449541284404,
        "NOUN": 14.678899082568808,
        "PRON": 11.926605504587156,
        "AUX": 5.5045871559633035,
        "ADP": 9.174311926605505,
        "ADJ": 6.422018348623854,
        "ADV": 3.669724770642202,
        "PART": 2.7522935779816518,
        "SCONJ": 1.834862385321101,
        "CCONJ": 2.7522935779816518
      },
      "es": {
        "DET": 13.829787234042554,
        "PROPN": 3.1914893617021276,
        "PRON": 12.76595744680851,
        "AUX": 2.127659574468085,
        "VERB": 13.829787234042554,
        "ADP": 13.829787234042554,
        "NOUN": 13.829787234042554,
        "PUNCT": 14.893617021276595,
        "SCONJ": 2.127659574468085,
        "CCONJ": 3.1914893617021276,
        "ADJ": 3.1914893617021276,
        "ADV": 3.1914893617021276
      }
    },
    "has_moral": {
      "grc": true,
      "nl": true,
      "de": true,
      "en": true,
      "es": true
    },
    "moral_length": {
      "grc": 14,
      "nl": 8,
      "de": 20,
      "en": 36,
      "es": 21
    },
    "shared_entities": [
      "wolf"
    ],
    "unique_entities": {
      "nl": [
        {
          "text": "Kraanvogel",
          "type": "ANIMAL_CHAR"
        },
        {
          "text": "trekken.\"Ik",
          "type": "ORG"
        }
      ],
      "de": [
        {
          "text": "Ein Wolf",
          "type": "ANIMAL_CHAR"
        },
        {
          "text": "Der Kranich",
          "type": "ANIMAL_CHAR"
        },
        {
          "text": "Wolf,\"du",
          "type": "MISC"
        },
        {
          "text": "Unverschämter",
          "type": "MISC"
        },
        {
          "text": "Ist es dir nicht Belohnung",
          "type": "MISC"
        },
        {
          "text": "Wolfes",
          "type": "LOC"
        },
        {
          "text": "Gehe heim",
          "type": "MISC"
        }
      ],
      "en": [
        {
          "text": "Crane",
          "type": "ANIMAL_CHAR"
        }
      ],
      "es": [
        {
          "text": "Un Lobo",
          "type": "ANIMAL_CHAR"
        },
        {
          "text": "Al encontrarse con una garza",
          "type": "MISC"
        },
        {
          "text": "garganta del",
          "type": "LOC"
        },
        {
          "text": "Lobo",
          "type": "ANIMAL_CHAR"
        },
        {
          "text": "Él",
          "type": "PER"
        },
        {
          "text": "dijo:\"¡Eh tú!",
          "type": "MISC"
        },
        {
          "text": "pides",
          "type": "PER"
        }
      ]
    }
  },
  "similarity": {
    "structural_similarity": {
      "grc-nl": 0.4849965823650035,
      "grc-de": 0.6527629233511587,
      "grc-en": 0.6888888888888889,
      "grc-es": 0.700246913580247,
      "nl-de": 0.6548036758563075,
      "nl-en": 0.5635566188197767,
      "nl-es": 0.4346746495869303,
      "de-en": 0.7245791245791245,
      "de-es": 0.652232712014847,
      "en-es": 0.756902356902357
    },
    "content_similarity": {
      "grc-nl": 0.421325540628868,
      "grc-de": 0.45018926764899764,
      "grc-en": 0.4259137230015257,
      "grc-es": 0.4447476948247258,
      "nl-de": 0.42870112612939326,
      "nl-en": 0.5673711738444611,
      "nl-es": 0.4361880166270157,
      "de-en": 0.4468596528566419,
      "de-es": 0.4827964132863065,
      "en-es": 0.4575166581231389
    },
    "lexical_similarity": {
      "grc-nl": 0.0,
      "grc-de": 0.0,
      "grc-en": 0.0,
      "grc-es": 0.0,
      "nl-de": 0.06739548325214903,
      "nl-en": 0.2015149839839546,
      "nl-es": 0.05892556509887897,
      "de-en": 0.057946452173430134,
      "de-es": 0.0,
      "en-es": 0.05428289968981058
    }
  }
}