{
  "fable_id": "5",
  "languages": [
    "grc",
    "nl",
    "de",
    "en",
    "es"
  ],
  "title": {
    "grc": "Λέων κιὰ μῦς ἀντευεργέτης",
    "nl": "Leeuw en Muis",
    "de": "Der Löwe und das Mäuschen",
    "en": "Lion and Mouse on His Mane",
    "es": "El León y el Ratón agradecido"
  },
  "token_counts": {
    "grc": 100,
    "nl": 270,
    "de": 136,
    "en": 86,
    "es": 147
  },
  "sentence_counts": {
    "grc": 8,
    "nl": 20,
    "de": 7,
    "en": 5,
    "es": 5
  },
  "entity_counts": {
    "grc": 0,
    "nl": 13,
    "de": 4,
    "en": 6,
    "es": 7
  },
  "pos_distribution": {
    "grc": {
      "NOUN": 14.000000000000002,
      "ADJ": 11.0,
      "DET": 8.0,
      "VERB": 26.0,
      "PUNCT": 9.0,
      "ADV": 9.0,
      "CCONJ": 6.0,
      "PRON": 6.0,
      "AUX": 2.0,
      "PART": 4.0,
      "SCONJ": 3.0,
      "ADP": 2.0
    },
    "nl": {
      "NOUN": 13.333333333333334,
      "VERB": 15.555555555555555,
      "ADP": 9.25925925925926,
      "DET": 8.148148148148149,
      "PUNCT": 10.0,
      "PRON": 12.222222222222221,
      "ADJ": 8.518518518518519,
      "PROPN": 3.3333333333333335,
      "SCONJ": 3.3333333333333335,
      "CCONJ": 3.7037037037037033,
      "ADV": 6.296296296296296,
      "AUX": 5.9259259259259265,
      "NUM": 0.3703703703703704
    },
    "de": {
      "DET": 16.911764705882355,
      "NOUN": 18.38235294117647,
      "VERB": 11.029411764705882,
      "ADP": 5.147058823529411,
      "ADJ": 4.411764705882353,
      "PUNCT": 12.5,
      "CCONJ": 3.6764705882352944,
      "PRON": 8.823529411764707,
      "AUX": 5.147058823529411,
      "ADV": 11.76470588235294,
      "PART": 0.7352941176470588,
      "SCONJ": 1.4705882352941175
    },
    "en": {
      "SCONJ": 3.488372093023256,
      "PROPN": 9.30232558139535,
      "AUX": 6.976744186046512,
      "VERB": 12.790697674418606,
      "PUNCT": 12.790697674418606,
      "ADP": 11.627906976744185,
      "PRON": 10.465116279069768,
      "ADJ": 4.651162790697675,
      "NOUN": 13.953488372093023,
      "DET": 8.13953488372093,
      "CCONJ": 2.3255813953488373,
      "PART": 1.1627906976744187,
      "ADV": 2.3255813953488373
    },
    "es": {
      "DET": 10.884353741496598,
      "PROPN": 4.081632653061225,
      "PRON": 12.244897959183673,
      "VERB": 15.646258503401361,
      "ADP": 8.843537414965986,
      "NOUN": 10.884353741496598,
      "ADJ": 2.0408163265306123,
      "PUNCT": 15.646258503401361,
      "CCONJ": 4.761904761904762,
      "AUX": 4.081632653061225,
      "SCONJ": 6.802721088435375,
      "ADV": 4.081632653061225
    }
  },
  "has_moral": {
    "grc": true,
    "nl": true,
    "de": true,
    "en": true,
    "es": true
  },
  "moral_length": {
    "grc": 13,
    "nl": 7,
    "de": 16,
    "en": 10,
    "es": 21
  }
}