{
  "fable_id": "4",
  "languages": [
    "grc",
    "nl",
    "de",
    "en",
    "es"
  ],
  "title": {
    "grc": "Λύκος καὶ ἐρωδιός",
    "nl": "De Wolf en de Kraanvogel",
    "de": "Der Wolf und der Kranich",
    "en": "The Wolf and the Crane",
    "es": "El lobo y la garza"
  },
  "token_counts": {
    "grc": 62,
    "nl": 182,
    "de": 102,
    "en": 118,
    "es": 94
  },
  "sentence_counts": {
    "grc": 5,
    "nl": 15,
    "de": 5,
    "en": 6,
    "es": 4
  },
  "entity_counts": {
    "grc": 0,
    "nl": 6,
    "de": 0,
    "en": 2,
    "es": 4
  },
  "pos_distribution": {
    "grc": {
      "NOUN": 20.967741935483872,
      "VERB": 27.419354838709676,
      "DET": 12.903225806451612,
      "PRON": 8.064516129032258,
      "PUNCT": 11.29032258064516,
      "ADV": 8.064516129032258,
      "ADP": 6.451612903225806,
      "CCONJ": 3.225806451612903,
      "ADJ": 1.6129032258064515
    },
    "nl": {
      "DET": 9.89010989010989,
      "PROPN": 4.945054945054945,
      "AUX": 6.043956043956044,
      "ADV": 6.043956043956044,
      "ADJ": 7.6923076923076925,
      "NOUN": 9.89010989010989,
      "VERB": 14.285714285714285,
      "CCONJ": 3.296703296703297,
      "ADP": 7.6923076923076925,
      "PRON": 14.285714285714285,
      "PUNCT": 12.087912087912088,
      "SCONJ": 3.296703296703297,
      "SYM": 0.5494505494505495
    },
    "de": {
      "": 100.0
    },
    "en": {
      "PUNCT": 10.16949152542373,
      "DET": 14.40677966101695,
      "NOUN": 21.1864406779661,
      "VERB": 13.559322033898304,
      "PRON": 11.016949152542372,
      "AUX": 5.084745762711865,
      "ADP": 8.47457627118644,
      "ADJ": 5.932203389830509,
      "SCONJ": 2.5423728813559325,
      "PART": 2.5423728813559325,
      "CCONJ": 2.5423728813559325,
      "ADV": 2.5423728813559325
    },
    "es": {
      "DET": 13.829787234042554,
      "NOUN": 17.02127659574468,
      "PRON": 12.76595744680851,
      "AUX": 2.127659574468085,
      "VERB": 13.829787234042554,
      "ADP": 13.829787234042554,
      "PUNCT": 14.893617021276595,
      "SCONJ": 2.127659574468085,
      "CCONJ": 3.1914893617021276,
      "ADJ": 3.1914893617021276,
      "ADV": 3.1914893617021276
    }
  },
  "has_moral": {
    "grc": true,
    "nl": true,
    "de": true,
    "en": true,
    "es": true
  },
  "moral_length": {
    "grc": 14,
    "nl": 8,
    "de": 20,
    "en": 36,
    "es": 21
  }
}