{
  "fable_id": "1",
  "languages": [
    "grc",
    "nl",
    "de",
    "en",
    "es"
  ],
  "title": {
    "grc": "Λύκος καὶ ἀρήν",
    "nl": "De Wolf en het Geitje",
    "de": "Das Lamm und der Wolf",
    "en": "The Wolf and the Lamb",
    "es": "El lobo y el cordero"
  },
  "token_counts": {
    "grc": 90,
    "nl": 378,
    "de": 224,
    "en": 185,
    "es": 122
  },
  "sentence_counts": {
    "grc": 6,
    "nl": 24,
    "de": 13,
    "en": 11,
    "es": 4
  },
  "entity_counts": {
    "grc": 0,
    "nl": 2,
    "de": 1,
    "en": 5,
    "es": 4
  },
  "pos_distribution": {
    "grc": {
      "NOUN": 18.88888888888889,
      "VERB": 23.333333333333332,
      "ADJ": 10.0,
      "PUNCT": 10.0,
      "PRON": 10.0,
      "ADP": 2.2222222222222223,
      "SCONJ": 2.2222222222222223,
      "DET": 8.88888888888889,
      "CCONJ": 2.2222222222222223,
      "ADV": 12.222222222222221
    },
    "nl": {
      "ADV": 5.82010582010582,
      "VERB": 16.137566137566136,
      "DET": 11.11111111111111,
      "ADJ": 6.084656084656085,
      "NOUN": 15.079365079365079,
      "PRON": 11.375661375661375,
      "ADP": 12.698412698412698,
      "CCONJ": 5.291005291005291,
      "SCONJ": 3.1746031746031744,
      "AUX": 3.1746031746031744,
      "PUNCT": 8.73015873015873,
      "PROPN": 1.3227513227513228
    },
    "de": {
      "DET": 9.375,
      "NOUN": 11.607142857142858,
      "VERB": 10.714285714285714,
      "ADP": 4.464285714285714,
      "PUNCT": 16.964285714285715,
      "ADV": 17.410714285714285,
      "PRON": 14.285714285714285,
      "CCONJ": 3.125,
      "ADJ": 2.232142857142857,
      "PROPN": 1.3392857142857142,
      "AUX": 3.125,
      "PART": 1.7857142857142856,
      "SCONJ": 2.232142857142857,
      "NUM": 0.8928571428571428,
      "INTJ": 0.4464285714285714
    },
    "en": {
      "DET": 10.81081081081081,
      "NOUN": 13.513513513513514,
      "ADV": 5.405405405405405,
      "VERB": 12.972972972972974,
      "PRON": 15.135135135135137,
      "AUX": 7.027027027027027,
      "ADP": 3.783783783783784,
      "PUNCT": 12.972972972972974,
      "PART": 7.027027027027027,
      "SCONJ": 2.1621621621621623,
      "CCONJ": 1.6216216216216217,
      "ADJ": 3.2432432432432434,
      "PROPN": 3.2432432432432434,
      "X": 0.5405405405405406,
      "NUM": 0.5405405405405406
    },
    "es": {
      "DET": 12.295081967213115,
      "NOUN": 18.852459016393443,
      "PRON": 7.377049180327869,
      "VERB": 13.934426229508196,
      "ADP": 13.114754098360656,
      "ADJ": 4.918032786885246,
      "PUNCT": 13.934426229508196,
      "SCONJ": 2.459016393442623,
      "AUX": 4.098360655737705,
      "ADV": 6.557377049180328,
      "CCONJ": 2.459016393442623
    }
  },
  "has_moral": {
    "grc": true,
    "nl": true,
    "de": true,
    "en": true,
    "es": true
  },
  "moral_length": {
    "grc": 15,
    "nl": 9,
    "de": 23,
    "en": 8,
    "es": 18
  }
}