{
  "fable_id": "7",
  "languages": [
    "grc",
    "nl",
    "de",
    "en"
  ],
  "title": {
    "grc": "Ἀλώπηξ καὶ τράγος",
    "nl": "De Vos en de Geit",
    "de": "Der Fuchs und der Bock",
    "en": "The Fox and the Goat in the Well"
  },
  "token_counts": {
    "grc": 195,
    "nl": 196,
    "de": 213,
    "en": 113
  },
  "sentence_counts": {
    "grc": 11,
    "nl": 13,
    "de": 10,
    "en": 6
  },
  "entity_counts": {
    "grc": 0,
    "nl": 3,
    "de": 2,
    "en": 4
  },
  "pos_distribution": {
    "grc": {
      "NOUN": 20.51282051282051,
      "VERB": 17.435897435897434,
      "ADP": 5.128205128205128,
      "ADJ": 7.6923076923076925,
      "PUNCT": 10.76923076923077,
      "ADV": 6.666666666666667,
      "DET": 16.923076923076923,
      "PRON": 5.128205128205128,
      "SCONJ": 3.076923076923077,
      "AUX": 1.0256410256410255,
      "CCONJ": 4.615384615384616,
      "INTJ": 0.5128205128205128,
      "PART": 0.5128205128205128
    },
    "nl": {
      "NUM": 0.5102040816326531,
      "PROPN": 5.1020408163265305,
      "AUX": 5.612244897959184,
      "ADP": 11.73469387755102,
      "DET": 11.73469387755102,
      "NOUN": 11.73469387755102,
      "VERB": 11.224489795918368,
      "CCONJ": 5.1020408163265305,
      "SCONJ": 3.571428571428571,
      "ADV": 11.224489795918368,
      "ADJ": 7.653061224489796,
      "PUNCT": 7.142857142857142,
      "PRON": 7.653061224489796
    },
    "de": {
      "DET": 13.145539906103288,
      "NOUN": 19.248826291079812,
      "CCONJ": 4.225352112676056,
      "VERB": 12.676056338028168,
      "ADP": 8.450704225352112,
      "ADJ": 1.4084507042253522,
      "ADV": 12.206572769953052,
      "PUNCT": 13.145539906103288,
      "PRON": 8.450704225352112,
      "PART": 0.9389671361502347,
      "SCONJ": 1.8779342723004695,
      "AUX": 2.8169014084507045,
      "PROPN": 0.9389671361502347,
      "X": 0.4694835680751174
    },
    "en": {
      "DET": 12.389380530973451,
      "NOUN": 15.04424778761062,
      "AUX": 4.424778761061947,
      "ADV": 3.5398230088495577,
      "VERB": 13.274336283185843,
      "ADP": 8.849557522123893,
      "CCONJ": 3.5398230088495577,
      "PRON": 8.849557522123893,
      "ADJ": 9.734513274336283,
      "PUNCT": 12.389380530973451,
      "PROPN": 4.424778761061947,
      "SCONJ": 2.6548672566371683,
      "PART": 0.8849557522123894
    }
  },
  "has_moral": {
    "grc": false,
    "nl": true,
    "de": true,
    "en": true
  },
  "moral_length": {
    "nl": 8,
    "de": 9,
    "en": 19
  }
}