{
  "fable_id": "7",
  "languages": [
    "grc",
    "nl",
    "de",
    "en",
    ""
  ],
  "title": {
    "grc": "Ἀλώπηξ καὶ τράγος",
    "nl": "De Vos en de Geit",
    "de": "Der Fuchs und der Bock",
    "en": "The Fox and the Goat in the Well",
    "": "The Fox and the Goat in the Well"
  },
  "token_counts": {
    "grc": 0,
    "nl": 202,
    "de": 222,
    "en": 0,
    "": 0
  },
  "sentence_counts": {
    "grc": 0,
    "nl": 15,
    "de": 10,
    "en": 0,
    "": 0
  },
  "entity_counts": {
    "grc": 0,
    "nl": 3,
    "de": 0,
    "en": 0,
    "": 0
  },
  "pos_distribution": {
    "nl": {
      "NUM": 0.49504950495049505,
      "PROPN": 3.9603960396039604,
      "AUX": 5.445544554455446,
      "ADP": 11.386138613861387,
      "DET": 11.881188118811881,
      "NOUN": 11.386138613861387,
      "VERB": 11.881188118811881,
      "CCONJ": 4.9504950495049505,
      "SCONJ": 3.9603960396039604,
      "ADV": 10.891089108910892,
      "ADJ": 7.425742574257425,
      "PUNCT": 8.91089108910891,
      "PRON": 7.425742574257425
    },
    "de": {
      "DET": 13.063063063063062,
      "NOUN": 17.56756756756757,
      "CCONJ": 4.054054054054054,
      "VERB": 15.315315315315313,
      "ADP": 7.207207207207207,
      "ADJ": 1.3513513513513513,
      "ADV": 12.162162162162163,
      "PUNCT": 15.315315315315313,
      "SCONJ": 2.2522522522522523,
      "PRON": 8.558558558558559,
      "PART": 0.9009009009009009,
      "AUX": 2.2522522522522523
    }
  },
  "has_moral": {
    "grc": false,
    "nl": true,
    "de": true,
    "en": true,
    "": true
  },
  "moral_length": {
    "nl": 8,
    "de": 9,
    "en": 19,
    "": 19
  }
}