{
  "fable_id": "5",
  "languages": [
    "grc",
    "nl",
    "de",
    "en",
    "es"
  ],
  "title": {
    "grc": "Λέων κιὰ μῦς ἀντευεργέτης",
    "nl": "De Leeuw en de Muis",
    "de": "Der Löwe und das Mäuschen",
    "en": "The Lion and the Mouse on His Mane",
    "es": "El león y el ratón agradecido"
  },
  "token_counts": {
    "grc": 100,
    "nl": 288,
    "de": 142,
    "en": 100,
    "es": 150
  },
  "sentence_counts": {
    "grc": 8,
    "nl": 20,
    "de": 8,
    "en": 5,
    "es": 5
  },
  "entity_counts": {
    "grc": 0,
    "nl": 5,
    "de": 0,
    "en": 0,
    "es": 2
  },
  "pos_distribution": {
    "grc": {
      "NOUN": 14.000000000000002,
      "ADJ": 11.0,
      "DET": 8.0,
      "VERB": 26.0,
      "PUNCT": 9.0,
      "ADV": 9.0,
      "CCONJ": 6.0,
      "PRON": 6.0,
      "AUX": 2.0,
      "PART": 4.0,
      "SCONJ": 3.0,
      "ADP": 2.0
    },
    "nl": {
      "DET": 11.805555555555555,
      "NOUN": 12.5,
      "VERB": 14.930555555555555,
      "ADP": 8.680555555555555,
      "PUNCT": 10.76388888888889,
      "PRON": 11.805555555555555,
      "ADJ": 7.986111111111111,
      "PROPN": 2.7777777777777777,
      "SCONJ": 3.125,
      "CCONJ": 3.4722222222222223,
      "ADV": 5.902777777777778,
      "AUX": 5.902777777777778,
      "NUM": 0.3472222222222222
    },
    "de": {
      "DET": 16.901408450704224,
      "NOUN": 16.901408450704224,
      "VERB": 11.971830985915492,
      "ADP": 4.929577464788732,
      "ADJ": 4.225352112676056,
      "PUNCT": 14.788732394366196,
      "CCONJ": 3.5211267605633805,
      "PRON": 8.450704225352112,
      "AUX": 4.929577464788732,
      "ADV": 11.267605633802818,
      "PART": 0.7042253521126761,
      "SCONJ": 1.4084507042253522
    },
    "en": {
      "SCONJ": 3.0,
      "DET": 15.0,
      "NOUN": 21.0,
      "AUX": 6.0,
      "VERB": 11.0,
      "PUNCT": 14.000000000000002,
      "ADP": 10.0,
      "PRON": 11.0,
      "ADJ": 4.0,
      "CCONJ": 2.0,
      "PART": 1.0,
      "ADV": 2.0
    },
    "es": {
      "DET": 10.666666666666668,
      "NOUN": 14.666666666666666,
      "PRON": 12.666666666666668,
      "VERB": 15.333333333333332,
      "ADP": 8.666666666666668,
      "ADJ": 2.0,
      "PUNCT": 16.666666666666664,
      "CCONJ": 4.666666666666667,
      "AUX": 4.0,
      "SCONJ": 6.666666666666667,
      "ADV": 4.0
    }
  },
  "has_moral": {
    "grc": true,
    "nl": true,
    "de": true,
    "en": true,
    "es": true
  },
  "moral_length": {
    "grc": 13,
    "nl": 7,
    "de": 16,
    "en": 10,
    "es": 21
  }
}