{
  "fable_id": "5",
  "languages": [
    "grc",
    "nl",
    "de",
    "en",
    "es"
  ],
  "title": {
    "grc": "Λέων κιὰ μῦς ἀντευεργέτης",
    "nl": "De Leeuw en de Muis",
    "de": "Der Löwe und das Mäuschen",
    "en": "The Lion and the Mouse on His Mane",
    "es": "El león y el ratón agradecido"
  },
  "token_counts": {
    "grc": 100,
    "nl": 282,
    "de": 136,
    "en": 95,
    "es": 147
  },
  "sentence_counts": {
    "grc": 8,
    "nl": 20,
    "de": 7,
    "en": 5,
    "es": 5
  },
  "entity_counts": {
    "grc": 0,
    "nl": 8,
    "de": 3,
    "en": 0,
    "es": 2
  },
  "pos_distribution": {
    "grc": {
      "NOUN": 14.000000000000002,
      "ADJ": 11.0,
      "DET": 8.0,
      "VERB": 26.0,
      "PUNCT": 9.0,
      "ADV": 9.0,
      "CCONJ": 6.0,
      "PRON": 6.0,
      "AUX": 2.0,
      "PART": 4.0,
      "SCONJ": 3.0,
      "ADP": 2.0
    },
    "nl": {
      "DET": 12.056737588652481,
      "NOUN": 12.76595744680851,
      "VERB": 14.539007092198581,
      "ADP": 8.865248226950355,
      "PUNCT": 9.574468085106384,
      "PRON": 11.702127659574469,
      "ADJ": 8.156028368794328,
      "PROPN": 3.1914893617021276,
      "SCONJ": 3.1914893617021276,
      "CCONJ": 3.546099290780142,
      "ADV": 6.028368794326241,
      "AUX": 6.028368794326241,
      "NUM": 0.3546099290780142
    },
    "de": {
      "DET": 16.911764705882355,
      "NOUN": 18.38235294117647,
      "VERB": 11.029411764705882,
      "ADP": 5.147058823529411,
      "ADJ": 4.411764705882353,
      "PUNCT": 12.5,
      "CCONJ": 3.6764705882352944,
      "PRON": 8.823529411764707,
      "AUX": 5.147058823529411,
      "ADV": 11.76470588235294,
      "PART": 0.7352941176470588,
      "SCONJ": 1.4705882352941175
    },
    "en": {
      "SCONJ": 3.1578947368421053,
      "DET": 15.789473684210526,
      "NOUN": 20.0,
      "AUX": 6.315789473684211,
      "VERB": 12.631578947368421,
      "PUNCT": 11.578947368421053,
      "ADP": 10.526315789473683,
      "PRON": 10.526315789473683,
      "ADJ": 4.2105263157894735,
      "CCONJ": 2.1052631578947367,
      "PART": 1.0526315789473684,
      "ADV": 2.1052631578947367
    },
    "es": {
      "DET": 10.884353741496598,
      "NOUN": 14.965986394557824,
      "PRON": 12.244897959183673,
      "VERB": 15.646258503401361,
      "ADP": 8.843537414965986,
      "ADJ": 2.0408163265306123,
      "PUNCT": 15.646258503401361,
      "CCONJ": 4.761904761904762,
      "AUX": 4.081632653061225,
      "SCONJ": 6.802721088435375,
      "ADV": 4.081632653061225
    }
  },
  "has_moral": {
    "grc": true,
    "nl": true,
    "de": true,
    "en": true,
    "es": true
  },
  "moral_length": {
    "grc": 13,
    "nl": 7,
    "de": 16,
    "en": 10,
    "es": 21
  }
}