{
  "fable_id": "3",
  "languages": [
    "grc",
    "nl",
    "de",
    "en",
    "es"
  ],
  "title": {
    "grc": "Λύκος καὶ ἐρωδιός",
    "nl": "De Vos en de druiven",
    "de": "Der Fuchs und die Trauben",
    "en": "The Fox and the Grapes",
    "es": "La zorra y las uvas"
  },
  "token_counts": {
    "grc": 62,
    "nl": 186,
    "de": 256,
    "en": 58,
    "es": 33
  },
  "sentence_counts": {
    "grc": 5,
    "nl": 13,
    "de": 16,
    "en": 4,
    "es": 2
  },
  "entity_counts": {
    "grc": 0,
    "nl": 1,
    "de": 0,
    "en": 1,
    "es": 1
  },
  "pos_distribution": {
    "grc": {
      "NOUN": 20.967741935483872,
      "VERB": 27.419354838709676,
      "DET": 12.903225806451612,
      "PRON": 8.064516129032258,
      "PUNCT": 11.29032258064516,
      "ADV": 8.064516129032258,
      "ADP": 6.451612903225806,
      "CCONJ": 3.225806451612903,
      "ADJ": 1.6129032258064515
    },
    "nl": {
      "ADP": 10.75268817204301,
      "DET": 12.903225806451612,
      "NOUN": 13.440860215053762,
      "VERB": 13.440860215053762,
      "ADJ": 7.526881720430108,
      "ADV": 12.903225806451612,
      "PUNCT": 9.67741935483871,
      "CCONJ": 4.301075268817205,
      "PRON": 10.21505376344086,
      "AUX": 3.225806451612903,
      "SCONJ": 1.6129032258064515
    },
    "de": {
      "DET": 14.0625,
      "NOUN": 15.625,
      "CCONJ": 4.6875,
      "VERB": 13.28125,
      "ADP": 7.8125,
      "ADV": 13.28125,
      "PUNCT": 13.671875,
      "PRON": 9.375,
      "ADJ": 3.125,
      "AUX": 2.34375,
      "PART": 1.953125,
      "SCONJ": 0.390625,
      "PROPN": 0.390625
    },
    "en": {
      "VERB": 15.517241379310345,
      "ADP": 5.172413793103448,
      "NOUN": 15.517241379310345,
      "PUNCT": 13.793103448275861,
      "DET": 12.068965517241379,
      "PART": 8.620689655172415,
      "ADV": 6.896551724137931,
      "SCONJ": 3.4482758620689653,
      "PRON": 10.344827586206897,
      "AUX": 5.172413793103448,
      "ADJ": 3.4482758620689653
    },
    "es": {
      "DET": 9.090909090909092,
      "NOUN": 15.151515151515152,
      "PUNCT": 21.21212121212121,
      "ADP": 12.121212121212121,
      "VERB": 21.21212121212121,
      "PRON": 12.121212121212121,
      "CCONJ": 3.0303030303030303,
      "ADV": 3.0303030303030303,
      "ADJ": 3.0303030303030303
    }
  },
  "has_moral": {
    "grc": true,
    "nl": true,
    "de": false,
    "en": true,
    "es": true
  },
  "moral_length": {
    "grc": 15,
    "nl": 13,
    "en": 23,
    "es": 16
  }
}