{
  "fable_id": "4",
  "languages": [
    "grc",
    "nl",
    "de",
    "en",
    "es"
  ],
  "title": {
    "grc": "Λύκος καὶ ἐρωδιός",
    "nl": "De Wolf en de Kraanvogel",
    "de": "Der Wolf und der Kranich",
    "en": "The Wolf and the Crane",
    "es": "El lobo y la garza"
  },
  "token_counts": {
    "grc": 63,
    "nl": 194,
    "de": 106,
    "en": 118,
    "es": 98
  },
  "sentence_counts": {
    "grc": 5,
    "nl": 16,
    "de": 7,
    "en": 6,
    "es": 4
  },
  "entity_counts": {
    "grc": 0,
    "nl": 7,
    "de": 0,
    "en": 2,
    "es": 3
  },
  "pos_distribution": {
    "grc": {
      "NOUN": 22.22222222222222,
      "VERB": 26.984126984126984,
      "DET": 12.698412698412698,
      "PRON": 7.936507936507936,
      "PUNCT": 11.11111111111111,
      "ADV": 7.936507936507936,
      "ADP": 6.349206349206349,
      "CCONJ": 3.1746031746031744,
      "ADJ": 1.5873015873015872
    },
    "nl": {
      "DET": 9.278350515463918,
      "PROPN": 4.123711340206185,
      "AUX": 5.154639175257731,
      "ADV": 6.185567010309279,
      "ADJ": 7.216494845360824,
      "NOUN": 8.762886597938143,
      "VERB": 14.948453608247423,
      "CCONJ": 3.608247422680412,
      "ADP": 7.731958762886598,
      "PRON": 14.948453608247423,
      "PUNCT": 14.948453608247423,
      "SCONJ": 3.0927835051546393
    },
    "de": {
      "DET": 13.20754716981132,
      "NOUN": 16.9811320754717,
      "AUX": 2.8301886792452833,
      "VERB": 12.264150943396226,
      "CCONJ": 2.8301886792452833,
      "PRON": 13.20754716981132,
      "ADV": 9.433962264150944,
      "PUNCT": 17.92452830188679,
      "SCONJ": 2.8301886792452833,
      "ADP": 5.660377358490567,
      "ADJ": 1.8867924528301887,
      "PART": 0.9433962264150944
    },
    "en": {
      "PUNCT": 10.16949152542373,
      "DET": 14.40677966101695,
      "NOUN": 21.1864406779661,
      "VERB": 13.559322033898304,
      "PRON": 11.016949152542372,
      "AUX": 5.084745762711865,
      "ADP": 8.47457627118644,
      "ADJ": 5.932203389830509,
      "SCONJ": 2.5423728813559325,
      "PART": 2.5423728813559325,
      "CCONJ": 2.5423728813559325,
      "ADV": 2.5423728813559325
    },
    "es": {
      "DET": 13.26530612244898,
      "NOUN": 16.3265306122449,
      "PRON": 13.26530612244898,
      "AUX": 2.0408163265306123,
      "VERB": 14.285714285714285,
      "ADP": 13.26530612244898,
      "PUNCT": 17.346938775510203,
      "SCONJ": 2.0408163265306123,
      "CCONJ": 3.061224489795918,
      "ADJ": 3.061224489795918,
      "ADV": 2.0408163265306123
    }
  },
  "has_moral": {
    "grc": true,
    "nl": true,
    "de": true,
    "en": true,
    "es": true
  },
  "moral_length": {
    "grc": 14,
    "nl": 8,
    "de": 20,
    "en": 36,
    "es": 21
  }
}