{
  "fable_id": "1",
  "languages": [
    "grc",
    "nl",
    "de",
    "en",
    "es"
  ],
  "title": {
    "grc": "Λύκος καὶ ἀρήν",
    "nl": "Wolf en Geitje",
    "de": "Das Lamm und Der Wolf",
    "en": "Wolf and Lamb",
    "es": "El Lobo y el Cordero"
  },
  "token_counts": {
    "grc": 90,
    "nl": 367,
    "de": 224,
    "en": 174,
    "es": 122
  },
  "sentence_counts": {
    "grc": 6,
    "nl": 25,
    "de": 14,
    "en": 12,
    "es": 4
  },
  "entity_counts": {
    "grc": 0,
    "nl": 8,
    "de": 3,
    "en": 15,
    "es": 8
  },
  "pos_distribution": {
    "grc": {
      "NOUN": 18.88888888888889,
      "VERB": 23.333333333333332,
      "ADJ": 10.0,
      "PUNCT": 10.0,
      "PRON": 10.0,
      "ADP": 2.2222222222222223,
      "SCONJ": 2.2222222222222223,
      "DET": 8.88888888888889,
      "CCONJ": 2.2222222222222223,
      "ADV": 12.222222222222221
    },
    "nl": {
      "ADV": 5.994550408719346,
      "VERB": 16.62125340599455,
      "DET": 8.991825613079019,
      "ADJ": 6.267029972752043,
      "NOUN": 14.713896457765669,
      "ADP": 13.079019073569482,
      "CCONJ": 5.449591280653951,
      "SCONJ": 3.2697547683923704,
      "PRON": 11.444141689373296,
      "AUX": 3.2697547683923704,
      "PUNCT": 8.991825613079019,
      "PROPN": 1.9073569482288828
    },
    "de": {
      "DET": 9.375,
      "NOUN": 11.160714285714286,
      "VERB": 10.714285714285714,
      "ADP": 4.464285714285714,
      "PUNCT": 16.964285714285715,
      "ADV": 17.410714285714285,
      "PRON": 14.285714285714285,
      "CCONJ": 3.125,
      "ADJ": 2.232142857142857,
      "PROPN": 1.7857142857142856,
      "AUX": 3.125,
      "PART": 1.7857142857142856,
      "SCONJ": 2.232142857142857,
      "NUM": 0.8928571428571428,
      "INTJ": 0.4464285714285714
    },
    "en": {
      "PROPN": 8.620689655172415,
      "ADV": 5.747126436781609,
      "VERB": 13.793103448275861,
      "PRON": 16.666666666666664,
      "AUX": 7.471264367816093,
      "ADP": 4.022988505747127,
      "DET": 4.597701149425287,
      "NOUN": 9.195402298850574,
      "PUNCT": 13.793103448275861,
      "PART": 7.471264367816093,
      "SCONJ": 2.2988505747126435,
      "CCONJ": 1.7241379310344827,
      "ADJ": 3.4482758620689653,
      "X": 0.5747126436781609,
      "NUM": 0.5747126436781609
    },
    "es": {
      "DET": 12.295081967213115,
      "PROPN": 5.737704918032787,
      "PRON": 6.557377049180328,
      "VERB": 13.934426229508196,
      "ADP": 13.114754098360656,
      "NOUN": 13.114754098360656,
      "ADJ": 4.918032786885246,
      "PUNCT": 13.934426229508196,
      "SCONJ": 3.278688524590164,
      "AUX": 4.098360655737705,
      "ADV": 6.557377049180328,
      "CCONJ": 2.459016393442623
    }
  },
  "has_moral": {
    "grc": true,
    "nl": true,
    "de": true,
    "en": true,
    "es": true
  },
  "moral_length": {
    "grc": 15,
    "nl": 9,
    "de": 23,
    "en": 8,
    "es": 18
  }
}