{
  "fable_id": "2",
  "languages": [
    "grc",
    "nl",
    "de",
    "en",
    "es"
  ],
  "title": {
    "grc": "Μῦς ἀρουραῖος καὶ μῦς ἀστικός",
    "nl": "De Stadsmuis en de Veldmuis",
    "de": "Die Stadt und die Landmaus",
    "en": "The City Mouse and the Country Mouse",
    "es": "El ratón de campo y el de ciudad"
  },
  "token_counts": {
    "grc": 200,
    "nl": 392,
    "de": 416,
    "en": 240,
    "es": 238
  },
  "sentence_counts": {
    "grc": 14,
    "nl": 21,
    "de": 19,
    "en": 13,
    "es": 11
  },
  "entity_counts": {
    "grc": 0,
    "nl": 15,
    "de": 0,
    "en": 1,
    "es": 8
  },
  "pos_distribution": {
    "grc": {
      "NOUN": 21.0,
      "ADJ": 11.5,
      "DET": 14.000000000000002,
      "ADP": 5.0,
      "VERB": 15.5,
      "PUNCT": 12.5,
      "ADV": 9.0,
      "CCONJ": 5.0,
      "PRON": 4.5,
      "AUX": 0.5,
      "SCONJ": 1.0,
      "PART": 0.5
    },
    "nl": {
      "DET": 13.520408163265307,
      "PROPN": 3.826530612244898,
      "VERB": 13.520408163265307,
      "ADP": 11.73469387755102,
      "NOUN": 14.540816326530612,
      "PUNCT": 8.928571428571429,
      "PRON": 7.653061224489796,
      "CCONJ": 6.122448979591836,
      "ADV": 8.16326530612245,
      "ADJ": 7.3979591836734695,
      "AUX": 1.7857142857142856,
      "SCONJ": 2.5510204081632653,
      "INTJ": 0.25510204081632654
    },
    "de": {
      "DET": 11.778846153846153,
      "NOUN": 16.105769230769234,
      "AUX": 3.6057692307692304,
      "PUNCT": 13.701923076923078,
      "ADP": 7.6923076923076925,
      "PRON": 9.375,
      "VERB": 12.259615384615383,
      "CCONJ": 4.567307692307692,
      "ADV": 12.01923076923077,
      "ADJ": 4.086538461538462,
      "SCONJ": 2.8846153846153846,
      "PART": 1.9230769230769231
    },
    "en": {
      "PUNCT": 10.833333333333334,
      "DET": 12.083333333333334,
      "NOUN": 22.5,
      "ADV": 5.0,
      "VERB": 11.25,
      "PART": 2.5,
      "ADP": 8.333333333333332,
      "SCONJ": 2.5,
      "PRON": 10.416666666666668,
      "AUX": 5.833333333333333,
      "ADJ": 5.416666666666667,
      "CCONJ": 1.6666666666666667,
      "INTJ": 0.4166666666666667,
      "PROPN": 1.25
    },
    "es": {
      "DET": 10.504201680672269,
      "NOUN": 17.22689075630252,
      "ADP": 14.285714285714285,
      "AUX": 1.680672268907563,
      "PRON": 8.403361344537815,
      "VERB": 12.605042016806722,
      "PUNCT": 19.327731092436977,
      "ADJ": 4.201680672268908,
      "ADV": 3.361344537815126,
      "CCONJ": 5.042016806722689,
      "PROPN": 1.2605042016806722,
      "SCONJ": 1.680672268907563,
      "NUM": 0.42016806722689076
    }
  },
  "has_moral": {
    "grc": false,
    "nl": true,
    "de": true,
    "en": true,
    "es": true
  },
  "moral_length": {
    "nl": 17,
    "de": 12,
    "en": 17,
    "es": 25
  }
}