{
  "fable_id": "1",
  "languages": [
    "grc",
    "nl",
    "de",
    "en",
    "es"
  ],
  "title": {
    "grc": "Λύκος καὶ ἀρήν",
    "nl": "De Wolf en het Geitje",
    "de": "Das Lamm und der Wolf",
    "en": "The Wolf and the Lamb",
    "es": "El lobo y el cordero"
  },
  "token_counts": {
    "grc": 91,
    "nl": 381,
    "de": 244,
    "en": 185,
    "es": 128
  },
  "sentence_counts": {
    "grc": 5,
    "nl": 25,
    "de": 14,
    "en": 11,
    "es": 4
  },
  "entity_counts": {
    "grc": 0,
    "nl": 2,
    "de": 0,
    "en": 5,
    "es": 3
  },
  "pos_distribution": {
    "grc": {
      "NOUN": 17.582417582417584,
      "VERB": 25.274725274725274,
      "ADJ": 7.6923076923076925,
      "PUNCT": 9.89010989010989,
      "PRON": 8.791208791208792,
      "ADP": 3.296703296703297,
      "SCONJ": 3.296703296703297,
      "DET": 8.791208791208792,
      "CCONJ": 2.197802197802198,
      "ADV": 13.186813186813188
    },
    "nl": {
      "ADV": 6.036745406824147,
      "VERB": 16.010498687664043,
      "DET": 11.023622047244094,
      "ADJ": 6.036745406824147,
      "NOUN": 14.960629921259844,
      "PRON": 11.286089238845145,
      "ADP": 12.598425196850393,
      "CCONJ": 5.2493438320209975,
      "SCONJ": 3.149606299212598,
      "AUX": 3.149606299212598,
      "PUNCT": 9.186351706036746,
      "PROPN": 1.3123359580052494
    },
    "de": {
      "DET": 8.60655737704918,
      "NOUN": 11.065573770491802,
      "VERB": 11.475409836065573,
      "ADP": 4.098360655737705,
      "PUNCT": 22.131147540983605,
      "ADV": 15.163934426229508,
      "PRON": 14.344262295081966,
      "CCONJ": 2.8688524590163933,
      "ADJ": 2.0491803278688523,
      "SCONJ": 2.459016393442623,
      "AUX": 2.8688524590163933,
      "PART": 1.639344262295082,
      "NUM": 0.819672131147541,
      "INTJ": 0.4098360655737705
    },
    "en": {
      "DET": 10.81081081081081,
      "NOUN": 13.513513513513514,
      "ADV": 5.405405405405405,
      "VERB": 12.972972972972974,
      "PRON": 15.135135135135137,
      "AUX": 7.027027027027027,
      "ADP": 3.783783783783784,
      "PUNCT": 12.972972972972974,
      "PART": 7.027027027027027,
      "SCONJ": 2.1621621621621623,
      "CCONJ": 1.6216216216216217,
      "ADJ": 3.2432432432432434,
      "PROPN": 3.2432432432432434,
      "X": 0.5405405405405406,
      "NUM": 0.5405405405405406
    },
    "es": {
      "DET": 12.5,
      "NOUN": 17.96875,
      "PRON": 6.25,
      "VERB": 14.84375,
      "ADP": 12.5,
      "ADJ": 4.6875,
      "PUNCT": 15.625,
      "SCONJ": 3.125,
      "AUX": 3.90625,
      "ADV": 6.25,
      "CCONJ": 2.34375
    }
  },
  "has_moral": {
    "grc": true,
    "nl": true,
    "de": true,
    "en": true,
    "es": true
  },
  "moral_length": {
    "grc": 15,
    "nl": 9,
    "de": 23,
    "en": 8,
    "es": 18
  }
}