{
  "fable_id": "2",
  "languages": [
    "grc",
    "nl",
    "de",
    "en",
    "es"
  ],
  "title": {
    "grc": "Μῦς ἀρουραῖος καὶ μῦς ἀστικός",
    "nl": "De Stadsmuis en de Veldmuis",
    "de": "Die Stadt und die Landmaus",
    "en": "The City Mouse and the Country Mouse",
    "es": "El ratón de campo y el de ciudad"
  },
  "token_counts": {
    "grc": 200,
    "nl": 389,
    "de": 407,
    "en": 240,
    "es": 232
  },
  "sentence_counts": {
    "grc": 14,
    "nl": 20,
    "de": 18,
    "en": 13,
    "es": 11
  },
  "entity_counts": {
    "grc": 0,
    "nl": 15,
    "de": 0,
    "en": 1,
    "es": 8
  },
  "pos_distribution": {
    "grc": {
      "NOUN": 21.0,
      "ADJ": 11.5,
      "DET": 14.000000000000002,
      "ADP": 5.0,
      "VERB": 15.5,
      "PUNCT": 12.5,
      "ADV": 9.0,
      "CCONJ": 5.0,
      "PRON": 4.5,
      "AUX": 0.5,
      "SCONJ": 1.0,
      "PART": 0.5
    },
    "nl": {
      "DET": 13.624678663239074,
      "PROPN": 3.5989717223650386,
      "VERB": 13.624678663239074,
      "ADP": 11.825192802056556,
      "NOUN": 14.910025706940875,
      "PUNCT": 8.483290488431876,
      "PRON": 7.455012853470437,
      "CCONJ": 6.169665809768637,
      "ADV": 8.226221079691516,
      "ADJ": 7.455012853470437,
      "AUX": 1.7994858611825193,
      "SCONJ": 2.570694087403599,
      "INTJ": 0.2570694087403599
    },
    "de": {
      "DET": 12.039312039312039,
      "NOUN": 16.461916461916463,
      "AUX": 3.43980343980344,
      "PUNCT": 13.267813267813267,
      "ADP": 7.862407862407863,
      "PRON": 9.090909090909092,
      "VERB": 12.039312039312039,
      "CCONJ": 4.668304668304668,
      "ADV": 12.285012285012286,
      "ADJ": 4.176904176904177,
      "SCONJ": 2.7027027027027026,
      "PART": 1.9656019656019657
    },
    "en": {
      "PUNCT": 10.833333333333334,
      "DET": 12.083333333333334,
      "NOUN": 22.5,
      "ADV": 5.0,
      "VERB": 11.25,
      "PART": 2.5,
      "ADP": 8.333333333333332,
      "SCONJ": 2.5,
      "PRON": 10.416666666666668,
      "AUX": 5.833333333333333,
      "ADJ": 5.416666666666667,
      "CCONJ": 1.6666666666666667,
      "INTJ": 0.4166666666666667,
      "PROPN": 1.25
    },
    "es": {
      "DET": 10.775862068965516,
      "NOUN": 17.67241379310345,
      "ADP": 14.655172413793101,
      "AUX": 1.7241379310344827,
      "PRON": 8.189655172413794,
      "VERB": 12.5,
      "PUNCT": 18.103448275862068,
      "ADJ": 4.741379310344827,
      "ADV": 3.4482758620689653,
      "CCONJ": 5.172413793103448,
      "INTJ": 0.43103448275862066,
      "SCONJ": 1.7241379310344827,
      "NUM": 0.43103448275862066,
      "PROPN": 0.43103448275862066
    }
  },
  "has_moral": {
    "grc": false,
    "nl": true,
    "de": true,
    "en": true,
    "es": true
  },
  "moral_length": {
    "nl": 17,
    "de": 12,
    "en": 17,
    "es": 25
  }
}