{
  "fable_id": "6",
  "languages": [
    "grc",
    "nl",
    "de",
    "es"
  ],
  "title": {
    "grc": "Κώνωψ καὶ λέων",
    "nl": "De Leeuw en de Mug",
    "de": "Der Löwe und die Mücke",
    "es": "El mosquito y el león"
  },
  "token_counts": {
    "grc": 0,
    "nl": 208,
    "de": 192,
    "es": 174
  },
  "sentence_counts": {
    "grc": 0,
    "nl": 15,
    "de": 9,
    "es": 7
  },
  "entity_counts": {
    "grc": 0,
    "nl": 4,
    "de": 0,
    "es": 4
  },
  "pos_distribution": {
    "nl": {
      "DET": 10.096153846153847,
      "PROPN": 3.3653846153846154,
      "VERB": 13.461538461538462,
      "ADP": 10.576923076923077,
      "NOUN": 12.980769230769232,
      "PUNCT": 11.057692307692307,
      "ADV": 10.096153846153847,
      "ADJ": 6.730769230769231,
      "CCONJ": 4.326923076923077,
      "PRON": 12.980769230769232,
      "SCONJ": 1.9230769230769231,
      "AUX": 2.403846153846154
    },
    "de": {
      "DET": 11.458333333333332,
      "NOUN": 14.0625,
      "VERB": 14.0625,
      "ADP": 7.8125,
      "ADJ": 2.604166666666667,
      "ADV": 7.291666666666667,
      "PUNCT": 16.145833333333336,
      "PRON": 16.145833333333336,
      "PART": 1.0416666666666665,
      "SCONJ": 4.166666666666666,
      "AUX": 1.5625,
      "CCONJ": 3.6458333333333335
    },
    "es": {
      "DET": 13.218390804597702,
      "NOUN": 15.517241379310345,
      "PRON": 8.045977011494253,
      "VERB": 16.091954022988507,
      "ADP": 13.218390804597702,
      "CCONJ": 5.172413793103448,
      "PUNCT": 13.218390804597702,
      "ADV": 5.172413793103448,
      "AUX": 1.7241379310344827,
      "ADJ": 2.8735632183908044,
      "SCONJ": 4.597701149425287,
      "SYM": 0.5747126436781609,
      "PROPN": 0.5747126436781609
    }
  },
  "has_moral": {
    "grc": false,
    "nl": true,
    "de": false,
    "es": false
  },
  "moral_length": {
    "nl": 9
  }
}