{
  "fable_id": "4",
  "languages": [
    "grc",
    "nl",
    "de",
    "en",
    "",
    "es"
  ],
  "title": {
    "grc": "Λύκος καὶ ἐρωδιός",
    "nl": "De Wolf en de Kraanvogel",
    "de": "Der Wolf und der Kranich",
    "en": "The Wolf and the Crane",
    "": "The Wolf and the Crane",
    "es": "El lobo y la garza"
  },
  "token_counts": {
    "grc": 0,
    "nl": 194,
    "de": 106,
    "en": 0,
    "": 0,
    "es": 98
  },
  "sentence_counts": {
    "grc": 0,
    "nl": 16,
    "de": 7,
    "en": 0,
    "": 0,
    "es": 4
  },
  "entity_counts": {
    "grc": 0,
    "nl": 8,
    "de": 0,
    "en": 0,
    "": 0,
    "es": 3
  },
  "pos_distribution": {
    "nl": {
      "DET": 9.278350515463918,
      "PROPN": 4.123711340206185,
      "AUX": 5.154639175257731,
      "ADV": 6.185567010309279,
      "ADJ": 7.216494845360824,
      "NOUN": 8.762886597938143,
      "VERB": 14.948453608247423,
      "CCONJ": 3.608247422680412,
      "ADP": 7.731958762886598,
      "PRON": 14.948453608247423,
      "PUNCT": 14.948453608247423,
      "SCONJ": 3.0927835051546393
    },
    "de": {
      "DET": 13.20754716981132,
      "NOUN": 16.9811320754717,
      "AUX": 2.8301886792452833,
      "VERB": 12.264150943396226,
      "CCONJ": 2.8301886792452833,
      "PRON": 13.20754716981132,
      "ADV": 9.433962264150944,
      "PUNCT": 17.92452830188679,
      "SCONJ": 2.8301886792452833,
      "ADP": 5.660377358490567,
      "ADJ": 1.8867924528301887,
      "PART": 0.9433962264150944
    },
    "es": {
      "DET": 13.26530612244898,
      "NOUN": 16.3265306122449,
      "PRON": 12.244897959183673,
      "AUX": 2.0408163265306123,
      "VERB": 14.285714285714285,
      "ADP": 13.26530612244898,
      "PUNCT": 17.346938775510203,
      "SCONJ": 2.0408163265306123,
      "CCONJ": 3.061224489795918,
      "ADJ": 3.061224489795918,
      "INTJ": 1.0204081632653061,
      "ADV": 2.0408163265306123
    }
  },
  "has_moral": {
    "grc": true,
    "nl": true,
    "de": true,
    "en": true,
    "": true,
    "es": true
  },
  "moral_length": {
    "grc": 14,
    "nl": 8,
    "de": 20,
    "en": 36,
    "": 36,
    "es": 21
  }
}