{
  "NOUN": 15.768725361366624,
  "PUNCT": 14.586070959264127,
  "VERB": 12.87779237844941,
  "DET": 12.680683311432325,
  "ADV": 12.220762155059132,
  "PRON": 10.90670170827858,
  "ADP": 6.898817345597898,
  "CCONJ": 4.07358738501971,
  "ADJ": 3.0223390275952693,
  "AUX": 2.956636005256242,
  "SCONJ": 2.2339027595269383,
  "PART": 1.5111695137976346,
  "NUM": 0.1314060446780552,
  "INTJ": 0.0657030223390276,
  "PROPN": 0.0657030223390276
}