{
  "PUNCT": 16.65573053368329,
  "NOUN": 16.152668416447945,
  "VERB": 14.884076990376203,
  "ADP": 12.325021872265966,
  "DET": 11.82195975503062,
  "PRON": 8.97856517935258,
  "CCONJ": 4.23228346456693,
  "ADV": 4.133858267716536,
  "ADJ": 3.89326334208224,
  "SCONJ": 3.36832895888014,
  "AUX": 2.679352580927384,
  "PROPN": 0.39370078740157477,
  "SYM": 0.19685039370078738,
  "NUM": 0.18591426071741032,
  "INTJ": 0.09842519685039369
}