{
  "PUNCT": 16.22641509433962,
  "NOUN": 15.345911949685535,
  "VERB": 12.955974842767295,
  "DET": 12.264150943396226,
  "ADV": 11.949685534591195,
  "PRON": 11.0062893081761,
  "ADP": 6.729559748427673,
  "CCONJ": 3.89937106918239,
  "ADJ": 2.8930817610062896,
  "AUX": 2.767295597484277,
  "SCONJ": 2.2641509433962264,
  "PART": 1.4465408805031448,
  "NUM": 0.12578616352201258,
  "INTJ": 0.06289308176100629,
  "PROPN": 0.06289308176100629
}