{
  "PUNCT": 16.661947904869763,
  "NOUN": 16.152321630804074,
  "VERB": 14.878255945639864,
  "ADP": 12.330124575311437,
  "DET": 11.820498301245754,
  "PRON": 8.989241223103058,
  "CCONJ": 4.23272933182333,
  "ADV": 4.133635334088336,
  "ADJ": 3.8788221970554924,
  "SCONJ": 3.369195922989807,
  "AUX": 2.675537938844847,
  "PROPN": 0.39637599093997733,
  "SYM": 0.19818799546998866,
  "NUM": 0.18403171007927518,
  "INTJ": 0.09909399773499433
}