{
  "VERB": 13.403416557161629,
  "PUNCT": 12.483574244415244,
  "PRON": 12.089356110381077,
  "NOUN": 11.957950065703022,
  "PROPN": 9.592641261498029,
  "ADP": 7.884362680683312,
  "DET": 7.095926412614981,
  "AUX": 6.176084099868594,
  "ADJ": 5.650459921156373,
  "ADV": 4.730617608409987,
  "PART": 3.8107752956636007,
  "SCONJ": 2.628120893561104,
  "CCONJ": 2.102496714848883,
  "X": 0.1314060446780552,
  "NUM": 0.1314060446780552,
  "INTJ": 0.1314060446780552
}