{
  "VERB": 13.939393939393941,
  "NOUN": 13.443526170798897,
  "DET": 11.84573002754821,
  "ADP": 10.909090909090908,
  "PRON": 10.578512396694215,
  "PUNCT": 9.146005509641872,
  "ADV": 8.209366391184574,
  "ADJ": 7.2727272727272725,
  "CCONJ": 4.793388429752066,
  "AUX": 3.8016528925619832,
  "PROPN": 3.0303030303030303,
  "SCONJ": 2.809917355371901,
  "NUM": 0.11019283746556473,
  "INTJ": 0.055096418732782364,
  "SYM": 0.055096418732782364
}