{
  "VERB": 14.18554476806904,
  "NOUN": 13.106796116504855,
  "DET": 11.650485436893204,
  "ADP": 10.733549083063647,
  "PRON": 10.679611650485436,
  "PUNCT": 10.302049622437973,
  "ADV": 8.1445523193096,
  "ADJ": 7.065803667745415,
  "CCONJ": 4.746494066882416,
  "AUX": 3.6677454153182305,
  "SCONJ": 2.8047464940668827,
  "PROPN": 2.750809061488673,
  "NUM": 0.10787486515641855,
  "INTJ": 0.05393743257820927
}