{
  "NOUN": 16.29434954007884,
  "PUNCT": 13.797634691195796,
  "DET": 12.680683311432325,
  "ADV": 12.614980289093298,
  "VERB": 11.563731931668856,
  "PRON": 10.840998685939553,
  "ADP": 6.964520367936925,
  "CCONJ": 4.07358738501971,
  "AUX": 3.2194480946123525,
  "ADJ": 3.0223390275952693,
  "SCONJ": 2.2339027595269383,
  "PART": 1.5111695137976346,
  "PROPN": 0.9198423127463863,
  "NUM": 0.1314060446780552,
  "INTJ": 0.0657030223390276,
  "X": 0.0657030223390276
}