{
  "VERB": 20.478575403450193,
  "NOUN": 19.28213689482471,
  "DET": 12.437395659432388,
  "PUNCT": 11.658319421257652,
  "ADJ": 8.542014468558708,
  "ADV": 7.985531441291041,
  "PRON": 5.8708959376739,
  "CCONJ": 4.897050639955482,
  "ADP": 4.618809126321647,
  "SCONJ": 2.2537562604340566,
  "PART": 1.05731775180857,
  "AUX": 0.7790762381747357,
  "INTJ": 0.13912075681691707
}