{
  "VERB": 20.386007237635706,
  "NOUN": 19.179734620024124,
  "DET": 12.665862484921592,
  "PUNCT": 11.58021712907117,
  "ADJ": 8.56453558504222,
  "ADV": 8.202653799758746,
  "PRON": 6.031363088057901,
  "ADP": 4.583835946924005,
  "CCONJ": 4.583835946924005,
  "SCONJ": 2.1712907117008444,
  "PART": 1.0856453558504222,
  "AUX": 0.8443908323281062,
  "INTJ": 0.12062726176115801
}