{
  "PUNCT": 16.923076923076923,
  "NOUN": 16.153846153846153,
  "VERB": 14.903846153846153,
  "ADP": 12.307692307692308,
  "DET": 11.826923076923077,
  "PRON": 9.038461538461538,
  "ADV": 4.134615384615384,
  "CCONJ": 4.134615384615384,
  "ADJ": 3.942307692307692,
  "SCONJ": 3.3653846153846154,
  "AUX": 2.6923076923076925,
  "PROPN": 0.38461538461538464,
  "NUM": 0.19230769230769232
}