{
  "VERB": 20.266990291262136,
  "NOUN": 19.174757281553397,
  "DET": 12.742718446601941,
  "PUNCT": 11.529126213592233,
  "ADJ": 8.859223300970873,
  "ADV": 7.8883495145631075,
  "PRON": 6.189320388349515,
  "CCONJ": 4.733009708737864,
  "ADP": 4.490291262135923,
  "SCONJ": 2.063106796116505,
  "PART": 1.0922330097087378,
  "AUX": 0.8495145631067961,
  "INTJ": 0.12135922330097086
}