{
  "NOUN": 16.74925668979187,
  "PUNCT": 15.460852329038651,
  "VERB": 14.767096134786916,
  "ADP": 12.685827552031714,
  "DET": 11.992071357779981,
  "PRON": 9.117938553022794,
  "ADJ": 4.261645193260654,
  "ADV": 4.261645193260654,
  "CCONJ": 4.261645193260654,
  "SCONJ": 3.270564915758176,
  "AUX": 2.6759167492566895,
  "NUM": 0.19821605550049554,
  "PROPN": 0.19821605550049554,
  "INTJ": 0.09910802775024777
}