{
  "PUNCT": 16.673354735152486,
  "NOUN": 16.15168539325843,
  "VERB": 14.867576243980738,
  "ADP": 12.339486356340288,
  "DET": 11.817817014446227,
  "PRON": 9.008828250401283,
  "CCONJ": 4.233547351524879,
  "ADV": 4.13322632423756,
  "ADJ": 3.8523274478330656,
  "SCONJ": 3.3707865168539324,
  "AUX": 2.6685393258426964,
  "PROPN": 0.40128410914927765,
  "SYM": 0.20064205457463882,
  "NUM": 0.18057784911717495,
  "INTJ": 0.10032102728731941
}