{
  "NOUN": 17.123287671232877,
  "PUNCT": 15.205479452054796,
  "VERB": 13.561643835616438,
  "DET": 12.123287671232877,
  "PRON": 11.301369863013697,
  "ADP": 6.986301369863014,
  "AUX": 5.342465753424658,
  "ADJ": 5.0,
  "ADV": 3.9726027397260277,
  "PART": 3.5616438356164384,
  "SCONJ": 2.671232876712329,
  "CCONJ": 1.9178082191780823,
  "PROPN": 0.6164383561643836,
  "INTJ": 0.4794520547945206,
  "NUM": 0.136986301369863
}