{
  "VERB": 20.588718960697253,
  "NOUN": 19.240256536753826,
  "DET": 12.530833744449927,
  "PUNCT": 11.62637724058543,
  "ADJ": 8.551225127446143,
  "ADV": 7.92632790659431,
  "PRON": 5.936523598092419,
  "CCONJ": 4.768952474921888,
  "ADP": 4.604505837855616,
  "SCONJ": 2.220029600394672,
  "PART": 1.0689031409307679,
  "AUX": 0.8057885216247328,
  "INTJ": 0.1315573096530176
}