{
  "VERB": 20.24793388429752,
  "NOUN": 19.369834710743802,
  "DET": 12.241735537190083,
  "PUNCT": 11.725206611570247,
  "ADJ": 8.522727272727272,
  "ADV": 8.109504132231404,
  "PRON": 5.733471074380166,
  "CCONJ": 5.1652892561983474,
  "ADP": 4.648760330578512,
  "SCONJ": 2.324380165289256,
  "PART": 1.0330578512396695,
  "AUX": 0.7231404958677686,
  "INTJ": 0.15495867768595042
}