{
  "PUNCT": 16.650358773646445,
  "NOUN": 16.15296803652968,
  "VERB": 14.889106327462493,
  "ADP": 12.32061317677756,
  "DET": 11.823222439660794,
  "PRON": 8.969341161121983,
  "CCONJ": 4.231898238747553,
  "ADV": 4.134050880626223,
  "ADJ": 3.905740378343118,
  "SCONJ": 3.3675799086757987,
  "AUX": 2.682648401826484,
  "PROPN": 0.3913894324853229,
  "SYM": 0.19569471624266144,
  "NUM": 0.18754076973255054,
  "INTJ": 0.09784735812133072
}