{
  "NOUN": 18.41779975278121,
  "VERB": 12.73176761433869,
  "DET": 12.60815822002472,
  "PUNCT": 11.742892459826946,
  "PRON": 11.372064276885045,
  "ADP": 7.416563658838071,
  "AUX": 5.80964153275649,
  "ADJ": 5.315203955500618,
  "ADV": 4.326328800988875,
  "PART": 3.584672435105068,
  "SCONJ": 2.595797280593325,
  "CCONJ": 1.9777503090234856,
  "PROPN": 1.73053152039555,
  "X": 0.12360939431396785,
  "NUM": 0.12360939431396785,
  "INTJ": 0.12360939431396785
}