{
  "NOUN": 17.77777777777778,
  "PUNCT": 14.853801169590644,
  "VERB": 13.333333333333334,
  "DET": 12.046783625730995,
  "PRON": 11.11111111111111,
  "ADP": 7.1345029239766085,
  "AUX": 5.380116959064328,
  "ADJ": 5.029239766081871,
  "ADV": 4.2105263157894735,
  "PART": 3.3918128654970756,
  "SCONJ": 2.690058479532164,
  "CCONJ": 1.8713450292397662,
  "PROPN": 0.5847953216374269,
  "INTJ": 0.46783625730994155,
  "NUM": 0.11695906432748539
}