{
  "fable_id": "3",
  "languages": [
    "grc",
    "nl",
    "de",
    "en",
    "es"
  ],
  "token_counts": {
    "grc": 62,
    "nl": 184,
    "de": 256,
    "en": 56,
    "es": 33
  },
  "common_entities": [],
  "sentiment_scores": {},
  "complexity_scores": {},
  "basic_metrics": {
    "title": {
      "grc": "Λύκος καὶ ἐρωδιός",
      "nl": "Vos en de druiven",
      "de": "Der Fuchs und die Trauben",
      "en": "Fox and the Grapes",
      "es": "La zorra y las uvas"
    },
    "word_counts": {
      "grc": 55,
      "nl": 166,
      "de": 222,
      "en": 48,
      "es": 26
    },
    "character_counts": {
      "grc": 299,
      "nl": 712,
      "de": 1165,
      "en": 206,
      "es": 129
    },
    "sentence_counts": {
      "grc": 5,
      "nl": 13,
      "de": 17,
      "en": 4,
      "es": 2
    },
    "entity_counts": {
      "grc": 0,
      "nl": 2,
      "de": 6,
      "en": 1,
      "es": 1
    },
    "avg_sentence_length": {
      "grc": 11.0,
      "nl": 12.76923076923077,
      "de": 13.058823529411764,
      "en": 12.0,
      "es": 13.0
    }
  },
  "content": {
    "pos_distribution": {
      "grc": {
        "NOUN": 20.967741935483872,
        "VERB": 27.419354838709676,
        "DET": 12.903225806451612,
        "PRON": 8.064516129032258,
        "PUNCT": 11.29032258064516,
        "ADV": 8.064516129032258,
        "ADP": 6.451612903225806,
        "CCONJ": 3.225806451612903,
        "ADJ": 1.6129032258064515
      },
      "nl": {
        "ADP": 10.869565217391305,
        "DET": 11.956521739130435,
        "NOUN": 12.5,
        "VERB": 13.586956521739129,
        "PROPN": 1.0869565217391304,
        "ADJ": 7.608695652173914,
        "ADV": 13.043478260869565,
        "PUNCT": 9.782608695652174,
        "CCONJ": 4.3478260869565215,
        "PRON": 10.326086956521738,
        "AUX": 3.260869565217391,
        "SCONJ": 1.6304347826086956
      },
      "de": {
        "DET": 14.0625,
        "NOUN": 15.625,
        "CCONJ": 4.6875,
        "VERB": 12.5,
        "ADP": 7.421875,
        "ADV": 12.890625,
        "PUNCT": 13.28125,
        "PROPN": 1.953125,
        "PRON": 9.375,
        "ADJ": 3.125,
        "AUX": 2.34375,
        "PART": 1.953125,
        "SCONJ": 0.78125
      },
      "en": {
        "VERB": 16.071428571428573,
        "ADP": 5.357142857142857,
        "NOUN": 12.5,
        "PUNCT": 14.285714285714285,
        "PROPN": 3.571428571428571,
        "PART": 8.928571428571429,
        "DET": 8.928571428571429,
        "ADV": 7.142857142857142,
        "SCONJ": 3.571428571428571,
        "PRON": 10.714285714285714,
        "AUX": 5.357142857142857,
        "ADJ": 3.571428571428571
      },
      "es": {
        "DET": 9.090909090909092,
        "NOUN": 15.151515151515152,
        "PUNCT": 21.21212121212121,
        "ADP": 12.121212121212121,
        "VERB": 21.21212121212121,
        "PRON": 12.121212121212121,
        "CCONJ": 3.0303030303030303,
        "ADV": 3.0303030303030303,
        "ADJ": 3.0303030303030303
      }
    },
    "has_moral": {
      "grc": true,
      "nl": true,
      "de": false,
      "en": true,
      "es": true
    },
    "moral_length": {
      "grc": 15,
      "nl": 13,
      "en": 23,
      "es": 16
    },
    "shared_entities": [],
    "unique_entities": {
      "nl": [
        {
          "text": "Vos",
          "type": "ANIMAL_CHAR"
        },
        {
          "text": "eerste",
          "type": "ORDINAL"
        }
      ],
      "de": [
        {
          "text": "Eine Maus",
          "type": "ANIMAL_CHAR"
        },
        {
          "text": "Spatz",
          "type": "PER"
        },
        {
          "text": "Der Fuchs",
          "type": "ANIMAL_CHAR"
        },
        {
          "text": "Fuchs",
          "type": "ANIMAL_CHAR"
        },
        {
          "text": "Die Maus",
          "type": "ANIMAL_CHAR"
        }
      ],
      "en": [
        {
          "text": "Fox",
          "type": "ANIMAL_CHAR"
        }
      ],
      "es": [
        {
          "text": "Apartándose",
          "type": "LOC"
        }
      ]
    }
  },
  "similarity": {
    "structural_similarity": {
      "grc-nl": 0.45866543095458756,
      "grc-de": 0.38521462639109705,
      "grc-en": 0.8524242424242425,
      "grc-es": 0.5183216783216784,
      "nl-de": 0.8005462476050712,
      "nl-en": 0.42669138090824843,
      "nl-es": 0.32063876809011194,
      "de-en": 0.3643879173290938,
      "de-es": 0.2930047694753577,
      "en-es": 0.6012820512820514
    },
    "content_similarity": {
      "grc-nl": 0.45830285671136384,
      "grc-de": 0.27293585705469026,
      "grc-en": 0.4440574861122743,
      "grc-es": 0.4720295132316653,
      "nl-de": 0.29099343607819483,
      "nl-en": 0.44112526439865446,
      "nl-es": 0.4531039818805498,
      "de-en": 0.2754330937923531,
      "de-es": 0.2685160439078003,
      "en-es": 0.4530309350130425
    },
    "lexical_similarity": {
      "grc-nl": 0.0,
      "grc-de": 0.0,
      "grc-en": 0.0,
      "grc-es": 0.0,
      "nl-de": 0.05091750772173155,
      "nl-en": 0.0,
      "nl-es": 0.13825251033437555,
      "de-en": 0.0,
      "de-es": 0.0,
      "en-es": 0.0
    }
  }
}