{
  "fable_id": "6",
  "languages": [
    "nl",
    "de",
    "es"
  ],
  "token_counts": {
    "nl": 189,
    "de": 186,
    "es": 171
  },
  "common_entities": [],
  "sentiment_scores": {},
  "complexity_scores": {},
  "basic_metrics": {
    "title": {
      "nl": "Leeuw en Mug",
      "de": "Der Löwe und Die Mücke",
      "es": "El Mosquito y el León"
    },
    "word_counts": {
      "nl": 170,
      "de": 159,
      "es": 149
    },
    "character_counts": {
      "nl": 749,
      "de": 813,
      "es": 639
    },
    "sentence_counts": {
      "nl": 15,
      "de": 13,
      "es": 7
    },
    "entity_counts": {
      "nl": 3,
      "de": 6,
      "es": 7
    },
    "avg_sentence_length": {
      "nl": 11.333333333333334,
      "de": 12.23076923076923,
      "es": 21.285714285714285
    }
  },
  "content": {
    "pos_distribution": {
      "nl": {
        "PROPN": 3.7037037037037033,
        "VERB": 13.756613756613756,
        "ADP": 11.64021164021164,
        "DET": 5.291005291005291,
        "NOUN": 13.756613756613756,
        "PUNCT": 10.052910052910052,
        "ADV": 11.11111111111111,
        "ADJ": 7.4074074074074066,
        "CCONJ": 4.761904761904762,
        "PRON": 14.285714285714285,
        "SCONJ": 2.1164021164021163,
        "AUX": 2.1164021164021163
      },
      "de": {
        "DET": 11.827956989247312,
        "NOUN": 15.591397849462366,
        "VERB": 12.365591397849462,
        "ADP": 7.526881720430108,
        "ADJ": 2.6881720430107525,
        "PROPN": 0.5376344086021506,
        "PRON": 16.129032258064516,
        "PART": 1.0752688172043012,
        "PUNCT": 14.516129032258066,
        "ADV": 7.526881720430108,
        "AUX": 2.6881720430107525,
        "CCONJ": 3.763440860215054,
        "SCONJ": 3.763440860215054
      },
      "es": {
        "DET": 13.450292397660817,
        "PROPN": 4.093567251461988,
        "PRON": 8.187134502923977,
        "VERB": 15.789473684210526,
        "ADP": 13.450292397660817,
        "CCONJ": 4.678362573099415,
        "ADJ": 3.508771929824561,
        "AUX": 1.7543859649122806,
        "ADV": 4.678362573099415,
        "SCONJ": 4.678362573099415,
        "PUNCT": 13.450292397660817,
        "NOUN": 12.280701754385964
      }
    },
    "has_moral": {
      "nl": true,
      "de": false,
      "es": false
    },
    "moral_length": {
      "nl": 9
    },
    "shared_entities": [],
    "unique_entities": {
      "nl": [
        {
          "text": "Mug",
          "type": "ANIMAL_CHAR"
        },
        {
          "text": "Leeuw",
          "type": "ANIMAL_CHAR"
        },
        {
          "text": "Razend",
          "type": "PERSON"
        }
      ],
      "de": [
        {
          "text": "Eine Mücke",
          "type": "ANIMAL_CHAR"
        },
        {
          "text": "Tapfern",
          "type": "MISC"
        },
        {
          "text": "Die Mücke",
          "type": "ANIMAL_CHAR"
        },
        {
          "text": "Gierig",
          "type": "PER"
        },
        {
          "text": "Heldenblut",
          "type": "PER"
        },
        {
          "text": "Sterbend",
          "type": "LOC"
        }
      ],
      "es": [
        {
          "text": "Un Mosquito",
          "type": "ANIMAL_CHAR"
        },
        {
          "text": "un León",
          "type": "ANIMAL_CHAR"
        },
        {
          "text": "Yo",
          "type": "PER"
        },
        {
          "text": "Si quieres",
          "type": "MISC"
        },
        {
          "text": "el León",
          "type": "ANIMAL_CHAR"
        },
        {
          "text": "El Mosquito",
          "type": "ANIMAL_CHAR"
        },
        {
          "text": "León",
          "type": "ANIMAL_CHAR"
        }
      ]
    }
  },
  "similarity": {
    "structural_similarity": {
      "nl-de": 0.9061092613145888,
      "nl-es": 0.643742597710225,
      "de-es": 0.7051473620297225
    },
    "content_similarity": {
      "nl-de": 0.2816425684499864,
      "nl-es": 0.27410445935007915,
      "de-es": 0.480314024681249
    },
    "lexical_similarity": {
      "nl-de": 0.01303277065821315,
      "nl-es": 0.12314150404932941,
      "de-es": 0.0
    }
  }
}