{
  "fable_id": "5",
  "languages": [
    "grc",
    "nl",
    "de",
    "en",
    "es"
  ],
  "token_counts": {
    "grc": 100,
    "nl": 270,
    "de": 136,
    "en": 86,
    "es": 147
  },
  "common_entities": [],
  "sentiment_scores": {},
  "complexity_scores": {},
  "basic_metrics": {
    "title": {
      "grc": "Λέων κιὰ μῦς ἀντευεργέτης",
      "nl": "Leeuw en Muis",
      "de": "Der Löwe und das Mäuschen",
      "en": "Lion and Mouse on His Mane",
      "es": "El León y el Ratón agradecido"
    },
    "word_counts": {
      "grc": 93,
      "nl": 243,
      "de": 119,
      "en": 76,
      "es": 124
    },
    "character_counts": {
      "grc": 467,
      "nl": 1022,
      "de": 639,
      "en": 321,
      "es": 533
    },
    "sentence_counts": {
      "grc": 8,
      "nl": 20,
      "de": 7,
      "en": 5,
      "es": 5
    },
    "entity_counts": {
      "grc": 0,
      "nl": 7,
      "de": 4,
      "en": 3,
      "es": 7
    },
    "avg_sentence_length": {
      "grc": 11.625,
      "nl": 12.15,
      "de": 17.0,
      "en": 15.2,
      "es": 24.8
    }
  },
  "content": {
    "pos_distribution": {
      "grc": {
        "NOUN": 14.000000000000002,
        "ADJ": 11.0,
        "DET": 8.0,
        "VERB": 26.0,
        "PUNCT": 9.0,
        "ADV": 9.0,
        "CCONJ": 6.0,
        "PRON": 6.0,
        "AUX": 2.0,
        "PART": 4.0,
        "SCONJ": 3.0,
        "ADP": 2.0
      },
      "nl": {
        "NOUN": 13.333333333333334,
        "VERB": 15.555555555555555,
        "ADP": 9.25925925925926,
        "DET": 8.148148148148149,
        "PUNCT": 10.0,
        "PRON": 12.222222222222221,
        "ADJ": 8.518518518518519,
        "PROPN": 3.3333333333333335,
        "SCONJ": 3.3333333333333335,
        "CCONJ": 3.7037037037037033,
        "ADV": 6.296296296296296,
        "AUX": 5.9259259259259265,
        "NUM": 0.3703703703703704
      },
      "de": {
        "DET": 16.911764705882355,
        "NOUN": 18.38235294117647,
        "VERB": 11.029411764705882,
        "ADP": 5.147058823529411,
        "ADJ": 4.411764705882353,
        "PUNCT": 12.5,
        "CCONJ": 3.6764705882352944,
        "PRON": 8.823529411764707,
        "AUX": 5.147058823529411,
        "ADV": 11.76470588235294,
        "PART": 0.7352941176470588,
        "SCONJ": 1.4705882352941175
      },
      "en": {
        "SCONJ": 3.488372093023256,
        "PROPN": 9.30232558139535,
        "AUX": 6.976744186046512,
        "VERB": 12.790697674418606,
        "PUNCT": 12.790697674418606,
        "ADP": 11.627906976744185,
        "PRON": 10.465116279069768,
        "ADJ": 4.651162790697675,
        "NOUN": 13.953488372093023,
        "DET": 8.13953488372093,
        "CCONJ": 2.3255813953488373,
        "PART": 1.1627906976744187,
        "ADV": 2.3255813953488373
      },
      "es": {
        "DET": 10.884353741496598,
        "PROPN": 4.081632653061225,
        "PRON": 12.244897959183673,
        "VERB": 15.646258503401361,
        "ADP": 8.843537414965986,
        "NOUN": 10.884353741496598,
        "ADJ": 2.0408163265306123,
        "PUNCT": 15.646258503401361,
        "CCONJ": 4.761904761904762,
        "AUX": 4.081632653061225,
        "SCONJ": 6.802721088435375,
        "ADV": 4.081632653061225
      }
    },
    "has_moral": {
      "grc": true,
      "nl": true,
      "de": true,
      "en": true,
      "es": true
    },
    "moral_length": {
      "grc": 13,
      "nl": 7,
      "de": 16,
      "en": 10,
      "es": 21
    },
    "shared_entities": [],
    "unique_entities": {
      "nl": [
        {
          "text": "Leeuw",
          "type": "ANIMAL_CHAR"
        },
        {
          "text": "Muis",
          "type": "ANIMAL_CHAR"
        },
        {
          "text": "Alstublieft, laat mij gaan",
          "type": "WORK_OF_ART"
        },
        {
          "text": "De grote",
          "type": "WORK_OF_ART"
        },
        {
          "text": "Enkele dagen",
          "type": "DATE"
        },
        {
          "text": "één",
          "type": "CARDINAL"
        },
        {
          "text": "Leeuw:\"Je",
          "type": "ORG"
        }
      ],
      "de": [
        {
          "text": "Der Löwe",
          "type": "ANIMAL_CHAR"
        },
        {
          "text": "Mäuschen,\"meine",
          "type": "MISC"
        },
        {
          "text": "Großmütig",
          "type": "PER"
        },
        {
          "text": "Kurze Zeit",
          "type": "MISC"
        }
      ],
      "en": [
        {
          "text": "Lion",
          "type": "ANIMAL_CHAR"
        },
        {
          "text": "Mouse",
          "type": "ANIMAL_CHAR"
        },
        {
          "text": "Fox",
          "type": "ANIMAL_CHAR"
        }
      ],
      "es": [
        {
          "text": "Un Ratón",
          "type": "ANIMAL_CHAR"
        },
        {
          "text": "un León",
          "type": "ANIMAL_CHAR"
        },
        {
          "text": "el Ratón",
          "type": "ANIMAL_CHAR"
        },
        {
          "text": "el León",
          "type": "ANIMAL_CHAR"
        },
        {
          "text": "Ocurrió",
          "type": "ORG"
        },
        {
          "text": "Ratón",
          "type": "ANIMAL_CHAR"
        },
        {
          "text": "ratones",
          "type": "ANIMAL_CHAR"
        }
      ]
    }
  },
  "similarity": {
    "structural_similarity": {
      "grc-nl": 0.5044444444444445,
      "grc-de": 0.7993697478991597,
      "grc-en": 0.729842246745897,
      "grc-es": 0.64375,
      "nl-de": 0.47882595013313967,
      "nl-en": 0.38497130171106786,
      "nl-es": 0.40209909730519056,
      "de-en": 0.7200000000000001,
      "de-es": 0.8066820276497696,
      "en-es": 0.767741935483871
    },
    "content_similarity": {
      "grc-nl": 0.44090141823463336,
      "grc-de": 0.4377814172334903,
      "grc-en": 0.4215792822300306,
      "grc-es": 0.4269126366891519,
      "nl-de": 0.4375227555005982,
      "nl-en": 0.4678282684006791,
      "nl-es": 0.44437676470492293,
      "de-en": 0.4339476093553731,
      "de-es": 0.4517687597821203,
      "en-es": 0.4532163340209524
    },
    "lexical_similarity": {
      "grc-nl": 0.0,
      "grc-de": 0.0,
      "grc-en": 0.0,
      "grc-es": 0.0,
      "nl-de": 0.03645384698041506,
      "nl-en": 0.03944147098115301,
      "nl-es": 0.06700282313459718,
      "de-en": 0.0,
      "de-es": 0.0,
      "en-es": 0.018631473997241924
    }
  }
}