{
  "fable_id": "6",
  "languages": [
    "grc",
    "nl",
    "de",
    "es"
  ],
  "title": {
    "grc": "Κώνωψ καὶ λέων",
    "nl": "Leeuw en Mug",
    "de": "Der Löwe und Die Mücke",
    "es": "El Mosquito y el León"
  },
  "token_counts": {
    "grc": 115,
    "nl": 189,
    "de": 186,
    "es": 171
  },
  "sentence_counts": {
    "grc": 7,
    "nl": 15,
    "de": 13,
    "es": 7
  },
  "entity_counts": {
    "grc": 0,
    "nl": 3,
    "de": 6,
    "es": 7
  },
  "pos_distribution": {
    "grc": {
      "NOUN": 16.52173913043478,
      "ADP": 4.3478260869565215,
      "VERB": 18.26086956521739,
      "CCONJ": 6.956521739130435,
      "PRON": 6.086956521739131,
      "PUNCT": 14.782608695652174,
      "ADJ": 11.304347826086957,
      "AUX": 1.7391304347826086,
      "SCONJ": 3.4782608695652173,
      "ADV": 3.4782608695652173,
      "DET": 10.434782608695652,
      "PART": 2.608695652173913
    },
    "nl": {
      "PROPN": 3.7037037037037033,
      "VERB": 13.756613756613756,
      "ADP": 11.64021164021164,
      "DET": 5.291005291005291,
      "NOUN": 13.756613756613756,
      "PUNCT": 10.052910052910052,
      "ADV": 11.11111111111111,
      "ADJ": 7.4074074074074066,
      "CCONJ": 4.761904761904762,
      "PRON": 14.285714285714285,
      "SCONJ": 2.1164021164021163,
      "AUX": 2.1164021164021163
    },
    "de": {
      "DET": 11.827956989247312,
      "NOUN": 15.591397849462366,
      "VERB": 12.365591397849462,
      "ADP": 7.526881720430108,
      "ADJ": 2.6881720430107525,
      "PROPN": 0.5376344086021506,
      "PRON": 16.129032258064516,
      "PART": 1.0752688172043012,
      "PUNCT": 14.516129032258066,
      "ADV": 7.526881720430108,
      "AUX": 2.6881720430107525,
      "CCONJ": 3.763440860215054,
      "SCONJ": 3.763440860215054
    },
    "es": {
      "DET": 13.450292397660817,
      "PROPN": 4.093567251461988,
      "PRON": 8.187134502923977,
      "VERB": 15.789473684210526,
      "ADP": 13.450292397660817,
      "CCONJ": 4.678362573099415,
      "ADJ": 3.508771929824561,
      "AUX": 1.7543859649122806,
      "ADV": 4.678362573099415,
      "SCONJ": 4.678362573099415,
      "PUNCT": 13.450292397660817,
      "NOUN": 12.280701754385964
    }
  },
  "has_moral": {
    "grc": false,
    "nl": true,
    "de": false,
    "es": false
  },
  "moral_length": {
    "nl": 9
  }
}