{
  "fable_id": "7",
  "languages": [
    "grc",
    "nl",
    "de",
    "en"
  ],
  "token_counts": {
    "grc": 195,
    "nl": 188,
    "de": 213,
    "en": 108
  },
  "common_entities": [],
  "sentiment_scores": {},
  "complexity_scores": {},
  "basic_metrics": {
    "title": {
      "grc": "Ἀλώπηξ καὶ τράγος",
      "nl": "Vos en Geit",
      "de": "Der Fuchs und der Bock",
      "en": "Fox and Goat in the Well"
    },
    "word_counts": {
      "grc": 177,
      "nl": 174,
      "de": 185,
      "en": 96
    },
    "character_counts": {
      "grc": 913,
      "nl": 710,
      "de": 973,
      "en": 425
    },
    "sentence_counts": {
      "grc": 11,
      "nl": 14,
      "de": 11,
      "en": 6
    },
    "entity_counts": {
      "grc": 0,
      "nl": 3,
      "de": 4,
      "en": 3
    },
    "avg_sentence_length": {
      "grc": 16.09090909090909,
      "nl": 12.428571428571429,
      "de": 16.818181818181817,
      "en": 16.0
    }
  },
  "content": {
    "pos_distribution": {
      "grc": {
        "NOUN": 20.51282051282051,
        "VERB": 17.435897435897434,
        "ADP": 5.128205128205128,
        "ADJ": 7.6923076923076925,
        "PUNCT": 10.76923076923077,
        "ADV": 6.666666666666667,
        "DET": 16.923076923076923,
        "PRON": 5.128205128205128,
        "SCONJ": 3.076923076923077,
        "AUX": 1.0256410256410255,
        "CCONJ": 4.615384615384616,
        "INTJ": 0.5128205128205128,
        "PART": 0.5128205128205128
      },
      "nl": {
        "PROPN": 4.787234042553192,
        "AUX": 5.851063829787234,
        "ADP": 12.23404255319149,
        "DET": 9.042553191489363,
        "NOUN": 12.23404255319149,
        "VERB": 11.702127659574469,
        "CCONJ": 5.319148936170213,
        "SCONJ": 3.723404255319149,
        "ADV": 11.702127659574469,
        "ADJ": 7.9787234042553195,
        "PUNCT": 7.446808510638298,
        "PRON": 7.9787234042553195
      },
      "de": {
        "DET": 13.145539906103288,
        "NOUN": 19.248826291079812,
        "CCONJ": 4.225352112676056,
        "VERB": 12.676056338028168,
        "ADP": 8.450704225352112,
        "ADJ": 1.4084507042253522,
        "ADV": 12.206572769953052,
        "PUNCT": 13.145539906103288,
        "PRON": 8.450704225352112,
        "PART": 0.9389671361502347,
        "SCONJ": 1.8779342723004695,
        "AUX": 2.8169014084507045,
        "PROPN": 0.9389671361502347,
        "X": 0.4694835680751174
      },
      "en": {
        "PROPN": 8.333333333333332,
        "AUX": 4.62962962962963,
        "ADV": 3.7037037037037033,
        "VERB": 13.88888888888889,
        "ADP": 9.25925925925926,
        "DET": 8.333333333333332,
        "NOUN": 12.037037037037036,
        "CCONJ": 3.7037037037037033,
        "PRON": 9.25925925925926,
        "ADJ": 10.185185185185185,
        "PUNCT": 12.962962962962962,
        "SCONJ": 2.7777777777777777,
        "PART": 0.9259259259259258
      }
    },
    "has_moral": {
      "grc": false,
      "nl": true,
      "de": true,
      "en": true
    },
    "moral_length": {
      "nl": 8,
      "de": 9,
      "en": 19
    },
    "shared_entities": [],
    "unique_entities": {
      "nl": [
        {
          "text": "Vos",
          "type": "ANIMAL_CHAR"
        },
        {
          "text": "Geit",
          "type": "ANIMAL_CHAR"
        },
        {
          "text": "De dorstige",
          "type": "WORK_OF_ART"
        }
      ],
      "de": [
        {
          "text": "Ein Fuchs",
          "type": "ANIMAL_CHAR"
        },
        {
          "text": "Der Fuchs",
          "type": "ANIMAL_CHAR"
        },
        {
          "text": "retten!\"Der Bock",
          "type": "PER"
        },
        {
          "text": "sagte:\"Ich",
          "type": "MISC"
        }
      ],
      "en": [
        {
          "text": "Fox",
          "type": "ANIMAL_CHAR"
        },
        {
          "text": "Goat",
          "type": "ANIMAL_CHAR"
        },
        {
          "text": "billy-",
          "type": "PERSON"
        }
      ]
    }
  },
  "similarity": {
    "structural_similarity": {
      "grc-nl": 0.8619854721549637,
      "grc-de": 0.9740540540540541,
      "grc-en": 0.6340010272213662,
      "nl-de": 0.8383011583011584,
      "nl-en": 0.547475369458128,
      "de-en": 0.616019656019656
    },
    "content_similarity": {
      "grc-nl": 0.26295757433757744,
      "grc-de": 0.2832770051597433,
      "grc-en": 0.2641756899185961,
      "nl-de": 0.4692086831503294,
      "nl-en": 0.44440316880380143,
      "de-en": 0.43036568844276457
    },
    "lexical_similarity": {
      "grc-nl": 0.0,
      "grc-de": 0.0,
      "grc-en": 0.0,
      "nl-de": 0.04512158422172299,
      "nl-en": 0.06508893971228143,
      "de-en": 0.01125372841515859
    }
  }
}