{
  "fable_id": "1",
  "languages": [
    "nl",
    "de",
    "en",
    "es"
  ],
  "token_counts": {
    "nl": 367,
    "de": 224,
    "en": 174,
    "es": 122
  },
  "common_entities": [],
  "sentiment_scores": {},
  "complexity_scores": {},
  "basic_metrics": {
    "title": {
      "nl": "Wolf en Geitje",
      "de": "Das Lamm und Der Wolf",
      "en": "Wolf and Lamb",
      "es": "El Lobo y el Cordero"
    },
    "word_counts": {
      "nl": 334,
      "de": 186,
      "en": 156,
      "es": 106
    },
    "character_counts": {
      "nl": 1439,
      "de": 870,
      "en": 660,
      "es": 470
    },
    "sentence_counts": {
      "nl": 25,
      "de": 14,
      "en": 12,
      "es": 4
    },
    "entity_counts": {
      "nl": 6,
      "de": 3,
      "en": 5,
      "es": 7
    },
    "avg_sentence_length": {
      "nl": 13.36,
      "de": 13.285714285714286,
      "en": 13.0,
      "es": 26.5
    }
  },
  "content": {
    "pos_distribution": {
      "nl": {
        "ADV": 5.994550408719346,
        "VERB": 16.62125340599455,
        "DET": 8.991825613079019,
        "ADJ": 6.267029972752043,
        "NOUN": 14.713896457765669,
        "ADP": 13.079019073569482,
        "CCONJ": 5.449591280653951,
        "SCONJ": 3.2697547683923704,
        "PRON": 11.444141689373296,
        "AUX": 3.2697547683923704,
        "PUNCT": 8.991825613079019,
        "PROPN": 1.9073569482288828
      },
      "de": {
        "DET": 9.375,
        "NOUN": 11.160714285714286,
        "VERB": 10.714285714285714,
        "ADP": 4.464285714285714,
        "PUNCT": 16.964285714285715,
        "ADV": 17.410714285714285,
        "PRON": 14.285714285714285,
        "CCONJ": 3.125,
        "ADJ": 2.232142857142857,
        "PROPN": 1.7857142857142856,
        "AUX": 3.125,
        "PART": 1.7857142857142856,
        "SCONJ": 2.232142857142857,
        "NUM": 0.8928571428571428,
        "INTJ": 0.4464285714285714
      },
      "en": {
        "PROPN": 8.620689655172415,
        "ADV": 5.747126436781609,
        "VERB": 13.793103448275861,
        "PRON": 16.666666666666664,
        "AUX": 7.471264367816093,
        "ADP": 4.022988505747127,
        "DET": 4.597701149425287,
        "NOUN": 9.195402298850574,
        "PUNCT": 13.793103448275861,
        "PART": 7.471264367816093,
        "SCONJ": 2.2988505747126435,
        "CCONJ": 1.7241379310344827,
        "ADJ": 3.4482758620689653,
        "X": 0.5747126436781609,
        "NUM": 0.5747126436781609
      },
      "es": {
        "DET": 12.295081967213115,
        "PROPN": 5.737704918032787,
        "PRON": 6.557377049180328,
        "VERB": 13.934426229508196,
        "ADP": 13.114754098360656,
        "NOUN": 13.114754098360656,
        "ADJ": 4.918032786885246,
        "PUNCT": 13.934426229508196,
        "SCONJ": 3.278688524590164,
        "AUX": 4.098360655737705,
        "ADV": 6.557377049180328,
        "CCONJ": 2.459016393442623
      }
    },
    "has_moral": {
      "nl": true,
      "de": true,
      "en": true,
      "es": true
    },
    "moral_length": {
      "nl": 9,
      "de": 23,
      "en": 8,
      "es": 18
    },
    "shared_entities": [
      "wolf"
    ],
    "unique_entities": {
      "nl": [
        {
          "text": "Geitje",
          "type": "ANIMAL_CHAR"
        },
        {
          "text": "Geit",
          "type": "ANIMAL_CHAR"
        },
        {
          "text": "geiten",
          "type": "ANIMAL_CHAR"
        },
        {
          "text": "opeten.\"Alstublieft",
          "type": "GPE"
        },
        {
          "text": "honden",
          "type": "ANIMAL_CHAR"
        }
      ],
      "de": [
        {
          "text": "Ein Wolf",
          "type": "ANIMAL_CHAR"
        },
        {
          "text": "Unverschämter",
          "type": "MISC"
        },
        {
          "text": "Der Wolf",
          "type": "ANIMAL_CHAR"
        }
      ],
      "en": [
        {
          "text": "Lamb",
          "type": "ANIMAL_CHAR"
        },
        {
          "text": "last year",
          "type": "DATE"
        },
        {
          "text": "a year old",
          "type": "DATE"
        }
      ],
      "es": [
        {
          "text": "Un Lobo",
          "type": "ANIMAL_CHAR"
        },
        {
          "text": "un Cordero",
          "type": "ANIMAL_CHAR"
        },
        {
          "text": "Por eso, aunque",
          "type": "MISC"
        },
        {
          "text": "el Lobo",
          "type": "ANIMAL_CHAR"
        },
        {
          "text": "El Cordero",
          "type": "ANIMAL_CHAR"
        },
        {
          "text": "injuriaste",
          "type": "LOC"
        },
        {
          "text": "Sin embargo,",
          "type": "MISC"
        }
      ]
    }
  },
  "similarity": {
    "structural_similarity": {
      "nl-de": 0.6456424294268606,
      "nl-en": 0.573437125748503,
      "nl-es": 0.2917762964636764,
      "de-en": 0.8740399385560677,
      "de-es": 0.44251224531200195,
      "en-es": 0.5032414126753749
    },
    "content_similarity": {
      "nl-de": 0.4172336171445573,
      "nl-en": 0.5017114560190987,
      "nl-es": 0.45668366530771975,
      "de-en": 0.42197232733856904,
      "de-es": 0.4452863294647139,
      "en-es": 0.417679545668623
    },
    "lexical_similarity": {
      "nl-de": 0.03869658786612877,
      "nl-en": 0.05350958248203707,
      "nl-es": 0.13009175795477,
      "de-en": 0.02790969388288443,
      "de-es": 0.0,
      "en-es": 0.024002496389443503
    }
  }
}