{
  "PUNCT": 15.460852329038651,
  "VERB": 14.767096134786916,
  "NOUN": 14.370664023785926,
  "ADP": 12.685827552031714,
  "DET": 11.992071357779981,
  "PRON": 9.018830525272548,
  "ADJ": 4.261645193260654,
  "ADV": 4.261645193260654,
  "CCONJ": 4.261645193260654,
  "SCONJ": 3.3696729435084243,
  "AUX": 2.6759167492566895,
  "PROPN": 2.576808721506442,
  "NUM": 0.19821605550049554,
  "INTJ": 0.09910802775024777
}