{
  "VERB": 14.604810996563575,
  "NOUN": 13.459335624284078,
  "ADP": 11.34020618556701,
  "PRON": 10.939289805269187,
  "PUNCT": 9.507445589919817,
  "DET": 8.705612829324169,
  "ADV": 8.533791523482245,
  "ADJ": 7.560137457044673,
  "CCONJ": 4.982817869415808,
  "AUX": 3.8373424971363117,
  "PROPN": 3.436426116838488,
  "SCONJ": 2.9209621993127146,
  "INTJ": 0.057273768613974804,
  "SYM": 0.057273768613974804,
  "NUM": 0.057273768613974804
}